arm,case_id,chunk_recall_at_10,context_tokens_at_10,critical_file_recall_at_10,critical_file_recall_at_20,critical_file_recall_at_5,file_recall_at_10,invented_paths,leakage_status,map_at_10,mrr_at_10,ndcg_at_10,needs_more_context,precision_at_10,snapshot_classification,split,task_type
deterministic,retrieval-001,0.0,4264,0.0,0.0,0.0,0.0,0,NO_DETECTED_LEAKAGE,0.0,0.0,0.0,True,0.0,SNAPSHOT_CONSISTENT,calibration,configuration
embedding,retrieval-001,0.0,2114,0.0,0.0,0.0,0.0,0,NO_DETECTED_LEAKAGE,0.0,0.0,0.0,True,0.0,SNAPSHOT_CONSISTENT,calibration,configuration
hybrid,retrieval-001,0.0,2458,0.0,0.0,0.0,0.0,0,NO_DETECTED_LEAKAGE,0.0,0.0,0.0,True,0.0,SNAPSHOT_CONSISTENT,calibration,configuration
deterministic,retrieval-002,0.5,4188,0.5,0.75,0.0,0.2,0,NO_DETECTED_LEAKAGE,0.039285714285714285,0.14285714285714285,0.20134897545257882,True,0.2,SNAPSHOT_CONSISTENT,calibration,documentation
embedding,retrieval-002,0.25,2433,0.25,0.25,0.25,0.4,0,NO_DETECTED_LEAKAGE,0.38,0.5,0.3909931963896359,True,0.4,SNAPSHOT_CONSISTENT,calibration,documentation
hybrid,retrieval-002,0.5,2062,0.5,0.75,0.5,0.4,0,NO_DETECTED_LEAKAGE,0.22333333333333333,1.0,0.5050418604791496,True,0.4,SNAPSHOT_CONSISTENT,calibration,documentation
deterministic,retrieval-003,0.0,5939,0.0,0.0,0.0,0.0,0,NO_DETECTED_LEAKAGE,0.0,0.0,0.0,True,0.0,SNAPSHOT_CONSISTENT,calibration,home_assistant
embedding,retrieval-003,0.0,2002,0.0,0.25,0.0,0.0,0,NO_DETECTED_LEAKAGE,0.0,0.0,0.0,True,0.0,SNAPSHOT_CONSISTENT,calibration,home_assistant
hybrid,retrieval-003,0.0,2534,0.0,0.0,0.0,0.0,0,NO_DETECTED_LEAKAGE,0.0,0.0,0.0,True,0.0,SNAPSHOT_CONSISTENT,calibration,home_assistant
deterministic,retrieval-004,1.0,1293,1.0,1.0,1.0,1.0,0,NO_DETECTED_LEAKAGE,1.0,1.0,1.0,False,0.1,SNAPSHOT_CONSISTENT,calibration,local_ai
embedding,retrieval-004,0.0,1990,0.0,0.0,0.0,0.0,0,NO_DETECTED_LEAKAGE,0.0,0.0,0.0,True,0.0,SNAPSHOT_CONSISTENT,calibration,local_ai
hybrid,retrieval-004,0.0,1533,0.0,0.0,0.0,0.0,0,NO_DETECTED_LEAKAGE,0.0,0.0,0.0,True,0.0,SNAPSHOT_CONSISTENT,calibration,local_ai
deterministic,retrieval-005,0.0,2772,0.0,0.0,0.0,0.0,0,NO_DETECTED_LEAKAGE,0.0,0.0,0.0,True,0.0,SNAPSHOT_CONSISTENT,calibration,node_red
embedding,retrieval-005,0.0,1980,0.0,0.0,0.0,0.0,0,NO_DETECTED_LEAKAGE,0.0,0.0,0.0,True,0.0,SNAPSHOT_CONSISTENT,calibration,node_red
hybrid,retrieval-005,0.0,2498,0.0,0.0,0.0,0.0,0,NO_DETECTED_LEAKAGE,0.0,0.0,0.0,True,0.0,SNAPSHOT_CONSISTENT,calibration,node_red
deterministic,retrieval-006,0.0,1621,0.25,0.25,0.0,0.42857142857142855,0,NO_DETECTED_LEAKAGE,0.2857142857142857,0.1111111111111111,0.27428738340782194,True,0.3,SNAPSHOT_CONSISTENT,calibration,observability
embedding,retrieval-006,0.0,4271,0.0,0.0,0.0,0.14285714285714285,0,NO_DETECTED_LEAKAGE,0.02040816326530612,0.0,0.03804648527417538,True,0.1,SNAPSHOT_CONSISTENT,calibration,observability
hybrid,retrieval-006,0.0,3446,0.0,0.0,0.0,0.2857142857142857,0,NO_DETECTED_LEAKAGE,0.17857142857142858,0.0,0.1501464451899695,True,0.2,SNAPSHOT_CONSISTENT,calibration,observability
deterministic,retrieval-007,0.0,4319,0.0,0.0,0.0,0.0,0,NO_DETECTED_LEAKAGE,0.0,0.0,0.0,True,0.0,SNAPSHOT_CONSISTENT,calibration,scripts
embedding,retrieval-007,1.0,3011,1.0,1.0,1.0,1.0,0,NO_DETECTED_LEAKAGE,0.2,0.2,0.38685280723454163,False,0.1,SNAPSHOT_CONSISTENT,calibration,scripts
hybrid,retrieval-007,1.0,2588,1.0,1.0,0.0,1.0,0,NO_DETECTED_LEAKAGE,0.16666666666666666,0.16666666666666666,0.3562071871080222,False,0.1,SNAPSHOT_CONSISTENT,calibration,scripts
deterministic,retrieval-008,0.3333333333333333,1609,0.3333333333333333,0.6666666666666666,0.3333333333333333,0.25,0,NO_DETECTED_LEAKAGE,0.10416666666666666,0.3333333333333333,0.23500917950522376,True,0.2,SNAPSHOT_CONSISTENT,calibration,tests
embedding,retrieval-008,0.0,1893,0.0,0.0,0.0,0.0,0,NO_DETECTED_LEAKAGE,0.0,0.0,0.0,True,0.0,SNAPSHOT_CONSISTENT,calibration,tests
hybrid,retrieval-008,0.0,1208,0.0,0.3333333333333333,0.0,0.0,0,NO_DETECTED_LEAKAGE,0.0,0.0,0.0,True,0.0,SNAPSHOT_CONSISTENT,calibration,tests
deterministic,retrieval-009,0.0,1426,0.0,0.0,0.0,0.0,0,NO_DETECTED_LEAKAGE,0.0,0.0,0.0,True,0.0,SNAPSHOT_CONSISTENT,calibration,configuration
embedding,retrieval-009,0.0,1329,0.0,1.0,0.0,0.0,0,NO_DETECTED_LEAKAGE,0.0,0.0,0.0,True,0.0,SNAPSHOT_CONSISTENT,calibration,configuration
hybrid,retrieval-009,0.0,2085,0.0,0.0,0.0,0.0,0,NO_DETECTED_LEAKAGE,0.0,0.0,0.0,True,0.0,SNAPSHOT_CONSISTENT,calibration,configuration
deterministic,retrieval-010,0.0,703,0.0,0.3333333333333333,0.0,0.0,0,NO_DETECTED_LEAKAGE,0.0,0.0,0.0,True,0.0,SNAPSHOT_CONSISTENT,calibration,documentation
embedding,retrieval-010,0.0,1384,0.0,0.0,0.0,0.0,0,NO_DETECTED_LEAKAGE,0.0,0.0,0.0,True,0.0,SNAPSHOT_CONSISTENT,calibration,documentation
hybrid,retrieval-010,0.0,1354,0.0,0.0,0.0,0.0,0,NO_DETECTED_LEAKAGE,0.0,0.0,0.0,True,0.0,SNAPSHOT_CONSISTENT,calibration,documentation
deterministic,retrieval-011,0.5,6009,0.5,1.0,0.5,0.25,0,NO_DETECTED_LEAKAGE,0.08333333333333333,0.3333333333333333,0.2575785703353275,True,0.1,SNAPSHOT_CONSISTENT,calibration,home_assistant
embedding,retrieval-011,0.5,3518,0.5,0.5,0.5,0.25,0,NO_DETECTED_LEAKAGE,0.08333333333333333,0.3333333333333333,0.2575785703353275,True,0.1,SNAPSHOT_CONSISTENT,calibration,home_assistant
hybrid,retrieval-011,0.5,2619,0.5,1.0,0.5,0.25,0,NO_DETECTED_LEAKAGE,0.25,1.0,0.515157140670655,True,0.1,SNAPSHOT_CONSISTENT,calibration,home_assistant
deterministic,retrieval-012,0.0,4824,0.0,1.0,0.0,0.0,0,NO_DETECTED_LEAKAGE,0.0,0.0,0.0,True,0.0,SNAPSHOT_CONSISTENT,calibration,local_ai
embedding,retrieval-012,0.0,3806,0.0,0.0,0.0,0.0,0,NO_DETECTED_LEAKAGE,0.0,0.0,0.0,True,0.0,SNAPSHOT_CONSISTENT,calibration,local_ai
hybrid,retrieval-012,0.0,6438,0.0,0.0,0.0,0.0,0,NO_DETECTED_LEAKAGE,0.0,0.0,0.0,True,0.0,SNAPSHOT_CONSISTENT,calibration,local_ai
deterministic,retrieval-013,0.0,1526,0.0,0.0,0.0,0.1111111111111111,0,NO_DETECTED_LEAKAGE,0.015873015873015872,0.0,0.03554529145905076,True,0.1,SNAPSHOT_CONSISTENT,calibration,node_red
embedding,retrieval-013,0.0,2786,0.0,0.25,0.0,0.1111111111111111,0,NO_DETECTED_LEAKAGE,0.022222222222222223,0.0,0.04125238735471129,True,0.1,SNAPSHOT_CONSISTENT,calibration,node_red
hybrid,retrieval-013,0.0,3244,0.0,0.25,0.0,0.2222222222222222,0,NO_DETECTED_LEAKAGE,0.036111111111111115,0.0,0.06446455347741444,True,0.2,SNAPSHOT_CONSISTENT,calibration,node_red
deterministic,retrieval-014,0.25,4534,0.25,0.25,0.25,0.375,0,NO_DETECTED_LEAKAGE,0.11875,0.25,0.2168136287707073,True,0.3,SNAPSHOT_CONSISTENT,calibration,observability
embedding,retrieval-014,0.25,2282,0.25,0.25,0.25,0.375,0,NO_DETECTED_LEAKAGE,0.15416666666666667,0.3333333333333333,0.24712347480190114,True,0.3,SNAPSHOT_CONSISTENT,calibration,observability
hybrid,retrieval-014,0.25,3128,0.25,0.25,0.25,0.5,0,NO_DETECTED_LEAKAGE,0.19732142857142856,0.2,0.24679000425976338,True,0.4,SNAPSHOT_CONSISTENT,calibration,observability
deterministic,retrieval-015,0.0,1003,0.0,0.0,0.0,0.0,0,NO_DETECTED_LEAKAGE,0.0,0.0,0.0,True,0.0,SNAPSHOT_CONSISTENT,calibration,scripts
embedding,retrieval-015,0.0,1616,0.0,0.0,0.0,0.0,0,NO_DETECTED_LEAKAGE,0.0,0.0,0.0,True,0.0,SNAPSHOT_CONSISTENT,calibration,scripts
hybrid,retrieval-015,0.0,2230,0.0,0.0,0.0,0.0,0,NO_DETECTED_LEAKAGE,0.0,0.0,0.0,True,0.0,SNAPSHOT_CONSISTENT,calibration,scripts
deterministic,retrieval-016,0.0,2141,0.0,0.0,0.0,0.0,0,NO_DETECTED_LEAKAGE,0.0,0.0,0.0,True,0.0,SNAPSHOT_CONSISTENT,calibration,tests
embedding,retrieval-016,0.0,1571,0.0,0.0,0.0,0.0,0,NO_DETECTED_LEAKAGE,0.0,0.0,0.0,True,0.0,SNAPSHOT_CONSISTENT,calibration,tests
hybrid,retrieval-016,0.0,3285,0.0,0.0,0.0,0.0,0,NO_DETECTED_LEAKAGE,0.0,0.0,0.0,True,0.0,SNAPSHOT_CONSISTENT,calibration,tests
deterministic,retrieval-017,0.5,1599,0.5,1.0,0.5,0.6666666666666666,0,NO_DETECTED_LEAKAGE,0.2333333333333333,0.5,0.40458730752316363,True,0.2,SNAPSHOT_CONSISTENT,calibration,configuration
embedding,retrieval-017,0.5,2189,0.5,1.0,0.5,0.6666666666666666,0,NO_DETECTED_LEAKAGE,0.38888888888888884,0.5,0.4437016069115603,True,0.2,SNAPSHOT_CONSISTENT,calibration,configuration
hybrid,retrieval-017,0.5,1635,0.5,1.0,0.5,0.6666666666666666,0,NO_DETECTED_LEAKAGE,0.5555555555555555,1.0,0.649014791936513,True,0.2,SNAPSHOT_CONSISTENT,calibration,configuration
deterministic,retrieval-018,0.0,2012,0.0,0.0,0.0,0.0,0,NO_DETECTED_LEAKAGE,0.0,0.0,0.0,True,0.0,SNAPSHOT_CONSISTENT,calibration,documentation
embedding,retrieval-018,0.0,956,0.0,0.0,0.0,0.0,0,NO_DETECTED_LEAKAGE,0.0,0.0,0.0,True,0.0,SNAPSHOT_CONSISTENT,calibration,documentation
hybrid,retrieval-018,0.0,1712,0.0,0.0,0.0,0.0,0,NO_DETECTED_LEAKAGE,0.0,0.0,0.0,True,0.0,SNAPSHOT_CONSISTENT,calibration,documentation
deterministic,retrieval-019,0.0,2150,0.0,0.0,0.0,0.0,0,NO_DETECTED_LEAKAGE,0.0,0.0,0.0,True,0.0,SNAPSHOT_CONSISTENT,calibration,home_assistant
embedding,retrieval-019,1.0,3210,1.0,1.0,0.0,0.5,0,NO_DETECTED_LEAKAGE,0.0625,0.125,0.26064801430716,False,0.1,SNAPSHOT_CONSISTENT,calibration,home_assistant
hybrid,retrieval-019,0.0,2015,1.0,1.0,0.0,0.5,0,NO_DETECTED_LEAKAGE,0.05,0.1,0.2388353776606868,False,0.1,SNAPSHOT_CONSISTENT,calibration,home_assistant
deterministic,retrieval-020,1.0,1230,1.0,1.0,1.0,1.0,0,NO_DETECTED_LEAKAGE,1.0,1.0,1.0,False,0.1,SNAPSHOT_CONSISTENT,calibration,local_ai
embedding,retrieval-020,1.0,565,1.0,1.0,1.0,1.0,0,NO_DETECTED_LEAKAGE,0.25,0.25,0.4306765580733931,False,0.1,SNAPSHOT_CONSISTENT,calibration,local_ai
hybrid,retrieval-020,1.0,1212,1.0,1.0,1.0,1.0,0,NO_DETECTED_LEAKAGE,1.0,1.0,1.0,False,0.1,SNAPSHOT_CONSISTENT,calibration,local_ai
deterministic,retrieval-021,0.0,1414,0.0,0.0,0.0,0.0,0,NO_DETECTED_LEAKAGE,0.0,0.0,0.0,True,0.0,SNAPSHOT_CONSISTENT,calibration,node_red
embedding,retrieval-021,0.0,2960,0.0,0.0,0.0,0.0,0,NO_DETECTED_LEAKAGE,0.0,0.0,0.0,True,0.0,SNAPSHOT_CONSISTENT,calibration,node_red
hybrid,retrieval-021,0.0,3395,0.0,0.0,0.0,0.0,0,NO_DETECTED_LEAKAGE,0.0,0.0,0.0,True,0.0,SNAPSHOT_CONSISTENT,calibration,node_red
deterministic,retrieval-022,0.0,1581,0.0,1.0,0.0,0.0,0,NO_DETECTED_LEAKAGE,0.0,0.0,0.0,True,0.0,SNAPSHOT_CONSISTENT,calibration,scripts
embedding,retrieval-022,0.0,1508,0.0,1.0,0.0,0.0,0,NO_DETECTED_LEAKAGE,0.0,0.0,0.0,True,0.0,SNAPSHOT_CONSISTENT,calibration,scripts
hybrid,retrieval-022,0.0,1356,0.0,1.0,0.0,0.0,0,NO_DETECTED_LEAKAGE,0.0,0.0,0.0,True,0.0,SNAPSHOT_CONSISTENT,calibration,scripts
deterministic,retrieval-023,1.0,3649,1.0,1.0,1.0,0.6,0,NO_DETECTED_LEAKAGE,0.32,0.25,0.4667740360254303,False,0.3,SNAPSHOT_CONSISTENT,calibration,tests
embedding,retrieval-023,1.0,4434,1.0,1.0,1.0,0.6,0,NO_DETECTED_LEAKAGE,0.48571428571428565,0.5,0.6519448815368369,False,0.3,SNAPSHOT_CONSISTENT,calibration,tests
hybrid,retrieval-023,1.0,2715,1.0,1.0,1.0,0.8,0,NO_DETECTED_LEAKAGE,0.65,0.25,0.6544308494379815,False,0.4,SNAPSHOT_CONSISTENT,calibration,tests
deterministic,retrieval-024,0.0,1882,0.0,0.0,0.0,0.0,0,NO_DETECTED_LEAKAGE,0.0,0.0,0.0,True,0.0,SNAPSHOT_CONSISTENT,calibration,configuration
embedding,retrieval-024,0.0,1562,0.0,0.0,0.0,0.0,0,NO_DETECTED_LEAKAGE,0.0,0.0,0.0,True,0.0,SNAPSHOT_CONSISTENT,calibration,configuration
hybrid,retrieval-024,0.0,1709,0.0,1.0,0.0,0.0,0,NO_DETECTED_LEAKAGE,0.0,0.0,0.0,True,0.0,SNAPSHOT_CONSISTENT,calibration,configuration
deterministic,retrieval-025,0.0,2105,0.25,0.25,0.25,0.2,0,NO_DETECTED_LEAKAGE,0.1,0.5,0.23449779936240625,True,0.1,SNAPSHOT_CONSISTENT,calibration,documentation
embedding,retrieval-025,0.0,2099,0.25,0.5,0.0,0.2,0,NO_DETECTED_LEAKAGE,0.02222222222222222,0.1111111111111111,0.11188388426079093,True,0.1,SNAPSHOT_CONSISTENT,calibration,documentation
hybrid,retrieval-025,0.0,3035,0.0,0.25,0.0,0.0,0,NO_DETECTED_LEAKAGE,0.0,0.0,0.0,True,0.0,SNAPSHOT_CONSISTENT,calibration,documentation
deterministic,retrieval-026,0.0,2389,0.0,0.0,0.0,0.0,0,NO_DETECTED_LEAKAGE,0.0,0.0,0.0,True,0.0,SNAPSHOT_CONSISTENT,calibration,home_assistant
embedding,retrieval-026,0.0,2492,0.0,0.3333333333333333,0.0,0.0,0,NO_DETECTED_LEAKAGE,0.0,0.0,0.0,True,0.0,SNAPSHOT_CONSISTENT,calibration,home_assistant
hybrid,retrieval-026,0.0,2202,0.0,0.0,0.0,0.0,0,NO_DETECTED_LEAKAGE,0.0,0.0,0.0,True,0.0,SNAPSHOT_CONSISTENT,calibration,home_assistant
deterministic,retrieval-027,0.0,371,0.0,0.0,0.0,0.3333333333333333,0,NO_DETECTED_LEAKAGE,0.27777777777777773,0.0,0.2827699073751236,True,0.2,SNAPSHOT_CONSISTENT,calibration,local_ai
embedding,retrieval-027,0.0,2062,0.0,0.0,0.0,0.16666666666666666,0,NO_DETECTED_LEAKAGE,0.016666666666666666,0.0,0.05449255610887689,True,0.1,SNAPSHOT_CONSISTENT,calibration,local_ai
hybrid,retrieval-027,0.0,2872,0.0,0.0,0.0,0.3333333333333333,0,NO_DETECTED_LEAKAGE,0.19444444444444442,0.0,0.21319526777678158,True,0.2,SNAPSHOT_CONSISTENT,calibration,local_ai
deterministic,retrieval-028,0.5,1709,0.5,0.5,0.5,0.2727272727272727,0,NO_DETECTED_LEAKAGE,0.275,1.0,0.5092661177340779,True,0.3,SNAPSHOT_CONSISTENT,calibration,node_red
embedding,retrieval-028,0.0,2557,0.0,0.0,0.0,0.0,0,NO_DETECTED_LEAKAGE,0.0,0.0,0.0,True,0.0,SNAPSHOT_CONSISTENT,calibration,node_red
hybrid,retrieval-028,0.5,2231,0.5,0.5,0.25,0.2727272727272727,0,NO_DETECTED_LEAKAGE,0.08833333333333333,0.3333333333333333,0.28297548215724333,True,0.3,SNAPSHOT_CONSISTENT,calibration,node_red
deterministic,retrieval-029,0.0,3954,0.0,0.0,0.0,0.0,0,NO_DETECTED_LEAKAGE,0.0,0.0,0.0,True,0.0,SNAPSHOT_CONSISTENT,calibration,scripts
embedding,retrieval-029,0.0,1880,0.0,1.0,0.0,0.0,0,NO_DETECTED_LEAKAGE,0.0,0.0,0.0,True,0.0,SNAPSHOT_CONSISTENT,calibration,scripts
hybrid,retrieval-029,0.0,2327,1.0,1.0,0.0,1.0,0,NO_DETECTED_LEAKAGE,0.1111111111111111,0.1111111111111111,0.3010299956639812,False,0.1,SNAPSHOT_CONSISTENT,calibration,scripts
deterministic,retrieval-030,0.0,567,0.0,0.5,0.0,0.25,0,NO_DETECTED_LEAKAGE,0.06666666666666667,0.0,0.10298359324519009,True,0.2,SNAPSHOT_CONSISTENT,calibration,tests
embedding,retrieval-030,0.0,1965,0.0,0.0,0.0,0.125,0,NO_DETECTED_LEAKAGE,0.125,0.0,0.1385939143935568,True,0.1,SNAPSHOT_CONSISTENT,calibration,tests
hybrid,retrieval-030,0.0,1539,0.0,0.0,0.0,0.125,0,NO_DETECTED_LEAKAGE,0.125,0.0,0.1385939143935568,True,0.1,SNAPSHOT_CONSISTENT,calibration,tests
deterministic,retrieval-031,0.0,1882,0.0,0.0,0.0,0.0,0,NO_DETECTED_LEAKAGE,0.0,0.0,0.0,True,0.0,SNAPSHOT_CONSISTENT,promotion_holdout,configuration
embedding,retrieval-031,0.0,1562,0.0,0.0,0.0,0.0,0,NO_DETECTED_LEAKAGE,0.0,0.0,0.0,True,0.0,SNAPSHOT_CONSISTENT,promotion_holdout,configuration
hybrid,retrieval-031,0.0,1709,0.0,1.0,0.0,0.0,0,NO_DETECTED_LEAKAGE,0.0,0.0,0.0,True,0.0,SNAPSHOT_CONSISTENT,promotion_holdout,configuration
deterministic,retrieval-032,1.0,7618,1.0,1.0,1.0,1.0,0,NO_DETECTED_LEAKAGE,0.3333333333333333,0.3333333333333333,0.5,False,0.1,SNAPSHOT_CONSISTENT,promotion_holdout,documentation
embedding,retrieval-032,1.0,1912,1.0,1.0,1.0,1.0,0,NO_DETECTED_LEAKAGE,0.5,0.5,0.6309297535714574,False,0.1,SNAPSHOT_CONSISTENT,promotion_holdout,documentation
hybrid,retrieval-032,1.0,1455,1.0,1.0,1.0,1.0,0,NO_DETECTED_LEAKAGE,1.0,1.0,1.0,False,0.1,SNAPSHOT_CONSISTENT,promotion_holdout,documentation
deterministic,retrieval-033,0.0,9735,0.0,0.0,0.0,0.0,0,NO_DETECTED_LEAKAGE,0.0,0.0,0.0,True,0.0,SNAPSHOT_CONSISTENT,promotion_holdout,home_assistant
embedding,retrieval-033,0.0,1534,0.0,1.0,0.0,0.5,0,NO_DETECTED_LEAKAGE,0.5,0.0,0.27541155237618664,True,0.1,SNAPSHOT_CONSISTENT,promotion_holdout,home_assistant
hybrid,retrieval-033,0.0,5027,0.0,0.0,0.0,0.0,0,NO_DETECTED_LEAKAGE,0.0,0.0,0.0,True,0.0,SNAPSHOT_CONSISTENT,promotion_holdout,home_assistant
deterministic,retrieval-034,0.5,3138,0.5,0.5,0.5,0.5,0,NO_DETECTED_LEAKAGE,0.23472222222222222,0.2,0.3315533672129741,True,0.4,SNAPSHOT_CONSISTENT,promotion_holdout,local_ai
embedding,retrieval-034,0.0,4876,0.0,0.5,0.0,0.375,0,NO_DETECTED_LEAKAGE,0.25,0.0,0.24765121281091126,True,0.3,SNAPSHOT_CONSISTENT,promotion_holdout,local_ai
hybrid,retrieval-034,0.5,5138,0.5,0.5,0.0,0.5,0,NO_DETECTED_LEAKAGE,0.2922619047619047,0.14285714285714285,0.34894934069393696,True,0.4,SNAPSHOT_CONSISTENT,promotion_holdout,local_ai
deterministic,retrieval-035,0.0,2608,0.0,0.0,0.0,0.0,0,NO_DETECTED_LEAKAGE,0.0,0.0,0.0,True,0.0,SNAPSHOT_CONSISTENT,promotion_holdout,node_red
embedding,retrieval-035,0.0,3093,0.0,0.0,0.0,0.0,0,NO_DETECTED_LEAKAGE,0.0,0.0,0.0,True,0.0,SNAPSHOT_CONSISTENT,promotion_holdout,node_red
hybrid,retrieval-035,0.0,4851,0.0,0.0,0.0,0.0,0,NO_DETECTED_LEAKAGE,0.0,0.0,0.0,True,0.0,SNAPSHOT_CONSISTENT,promotion_holdout,node_red
deterministic,retrieval-036,0.0,3894,0.0,0.0,0.0,0.0,0,NO_DETECTED_LEAKAGE,0.0,0.0,0.0,True,0.0,SNAPSHOT_CONSISTENT,promotion_holdout,tests
embedding,retrieval-036,0.0,2783,0.0,0.0,0.0,0.0,0,NO_DETECTED_LEAKAGE,0.0,0.0,0.0,True,0.0,SNAPSHOT_CONSISTENT,promotion_holdout,tests
hybrid,retrieval-036,0.0,2859,0.0,0.0,0.0,0.0,0,NO_DETECTED_LEAKAGE,0.0,0.0,0.0,True,0.0,SNAPSHOT_CONSISTENT,promotion_holdout,tests
deterministic,retrieval-037,0.0,1463,0.3333333333333333,0.3333333333333333,0.0,0.3333333333333333,0,NO_DETECTED_LEAKAGE,0.041666666666666664,0.125,0.14804095548293264,True,0.1,SNAPSHOT_CONSISTENT,promotion_holdout,configuration
embedding,retrieval-037,0.0,1695,0.0,0.3333333333333333,0.0,0.0,0,NO_DETECTED_LEAKAGE,0.0,0.0,0.0,True,0.0,SNAPSHOT_CONSISTENT,promotion_holdout,configuration
hybrid,retrieval-037,0.0,2816,0.0,0.3333333333333333,0.0,0.0,0,NO_DETECTED_LEAKAGE,0.0,0.0,0.0,True,0.0,SNAPSHOT_CONSISTENT,promotion_holdout,configuration
deterministic,retrieval-038,0.0,1360,0.0,0.0,0.0,0.0,0,NO_DETECTED_LEAKAGE,0.0,0.0,0.0,True,0.0,SNAPSHOT_CONSISTENT,promotion_holdout,documentation
embedding,retrieval-038,0.0,1004,0.0,1.0,0.0,0.0,0,NO_DETECTED_LEAKAGE,0.0,0.0,0.0,True,0.0,SNAPSHOT_CONSISTENT,promotion_holdout,documentation
hybrid,retrieval-038,0.0,1475,0.0,0.0,0.0,0.0,0,NO_DETECTED_LEAKAGE,0.0,0.0,0.0,True,0.0,SNAPSHOT_CONSISTENT,promotion_holdout,documentation
deterministic,retrieval-039,0.0,2086,0.0,0.0,0.0,0.0,0,NO_DETECTED_LEAKAGE,0.0,0.0,0.0,True,0.0,SNAPSHOT_CONSISTENT,promotion_holdout,home_assistant
embedding,retrieval-039,0.0,2391,0.0,0.0,0.0,0.0,0,NO_DETECTED_LEAKAGE,0.0,0.0,0.0,True,0.0,SNAPSHOT_CONSISTENT,promotion_holdout,home_assistant
hybrid,retrieval-039,0.0,2836,0.0,0.0,0.0,0.0,0,NO_DETECTED_LEAKAGE,0.0,0.0,0.0,True,0.0,SNAPSHOT_CONSISTENT,promotion_holdout,home_assistant
deterministic,retrieval-040,0.0,8356,0.5,1.0,0.0,0.5,0,NO_DETECTED_LEAKAGE,0.05555555555555555,0.1111111111111111,0.1845756967795682,True,0.1,SNAPSHOT_CONSISTENT,promotion_holdout,local_ai
embedding,retrieval-040,0.0,2693,0.0,0.0,0.0,0.0,0,NO_DETECTED_LEAKAGE,0.0,0.0,0.0,True,0.0,SNAPSHOT_CONSISTENT,promotion_holdout,local_ai
hybrid,retrieval-040,0.0,4927,0.0,0.5,0.0,0.0,0,NO_DETECTED_LEAKAGE,0.0,0.0,0.0,True,0.0,SNAPSHOT_CONSISTENT,promotion_holdout,local_ai
deterministic,retrieval-041,0.0,5577,0.0,0.0,0.0,0.0,0,NO_DETECTED_LEAKAGE,0.0,0.0,0.0,True,0.0,SNAPSHOT_CONSISTENT,promotion_holdout,node_red
embedding,retrieval-041,0.0,1591,0.0,0.0,0.0,0.125,0,NO_DETECTED_LEAKAGE,0.0625,0.0,0.06951109352925929,True,0.1,SNAPSHOT_CONSISTENT,promotion_holdout,node_red
hybrid,retrieval-041,0.0,4491,0.0,0.0,0.0,0.125,0,NO_DETECTED_LEAKAGE,0.015625,0.0,0.03475554676462964,True,0.1,SNAPSHOT_CONSISTENT,promotion_holdout,node_red
deterministic,retrieval-042,0.0,856,0.0,0.5,0.0,0.0,0,NO_DETECTED_LEAKAGE,0.0,0.0,0.0,True,0.0,SNAPSHOT_CONSISTENT,promotion_holdout,tests
embedding,retrieval-042,0.0,2503,0.0,0.0,0.0,0.0,0,NO_DETECTED_LEAKAGE,0.0,0.0,0.0,True,0.0,SNAPSHOT_CONSISTENT,promotion_holdout,tests
hybrid,retrieval-042,0.0,2328,0.0,0.5,0.0,0.0,0,NO_DETECTED_LEAKAGE,0.0,0.0,0.0,True,0.0,SNAPSHOT_CONSISTENT,promotion_holdout,tests
deterministic,retrieval-043,0.0,1616,0.0,0.0,0.0,0.3333333333333333,0,NO_DETECTED_LEAKAGE,0.06666666666666667,0.0,0.09364787839833931,True,0.1,SNAPSHOT_CONSISTENT,promotion_holdout,configuration
embedding,retrieval-043,0.0,2119,0.0,0.0,0.0,0.6666666666666666,0,NO_DETECTED_LEAKAGE,0.24074074074074073,0.0,0.2256053249101365,True,0.2,SNAPSHOT_CONSISTENT,promotion_holdout,configuration
hybrid,retrieval-043,0.0,2468,0.0,0.0,0.0,0.6666666666666666,0,NO_DETECTED_LEAKAGE,0.1851851851851852,0.0,0.19391034063734408,True,0.2,SNAPSHOT_CONSISTENT,promotion_holdout,configuration
deterministic,retrieval-044,0.0,1204,0.0,0.0,0.0,0.0,0,NO_DETECTED_LEAKAGE,0.0,0.0,0.0,True,0.0,SNAPSHOT_CONSISTENT,promotion_holdout,documentation
embedding,retrieval-044,0.0,1063,0.0,0.0,0.0,0.0,0,NO_DETECTED_LEAKAGE,0.0,0.0,0.0,True,0.0,SNAPSHOT_CONSISTENT,promotion_holdout,documentation
hybrid,retrieval-044,0.0,1422,0.0,0.0,0.0,0.0,0,NO_DETECTED_LEAKAGE,0.0,0.0,0.0,True,0.0,SNAPSHOT_CONSISTENT,promotion_holdout,documentation
deterministic,retrieval-045,0.0,575,0.0,0.0,0.0,0.0,0,NO_DETECTED_LEAKAGE,0.0,0.0,0.0,True,0.0,SNAPSHOT_CONSISTENT,promotion_holdout,home_assistant
embedding,retrieval-045,0.0,1672,0.0,0.0,0.0,0.0,0,NO_DETECTED_LEAKAGE,0.0,0.0,0.0,True,0.0,SNAPSHOT_CONSISTENT,promotion_holdout,home_assistant
hybrid,retrieval-045,0.0,1287,0.0,0.0,0.0,0.0,0,NO_DETECTED_LEAKAGE,0.0,0.0,0.0,True,0.0,SNAPSHOT_CONSISTENT,promotion_holdout,home_assistant
deterministic,retrieval-046,0.0,1248,0.0,0.25,0.0,0.2857142857142857,0,NO_DETECTED_LEAKAGE,0.06938775510204082,0.0,0.08220165417534257,True,0.2,SNAPSHOT_CONSISTENT,promotion_holdout,node_red
embedding,retrieval-046,0.0,2578,0.0,0.0,0.0,0.0,0,NO_DETECTED_LEAKAGE,0.0,0.0,0.0,True,0.0,SNAPSHOT_CONSISTENT,promotion_holdout,node_red
hybrid,retrieval-046,0.0,2941,0.0,0.0,0.0,0.2857142857142857,0,NO_DETECTED_LEAKAGE,0.06031746031746032,0.0,0.07851456879251142,True,0.2,SNAPSHOT_CONSISTENT,promotion_holdout,node_red
deterministic,retrieval-047,0.3333333333333333,3294,0.6666666666666666,0.6666666666666666,0.0,0.75,0,NO_DETECTED_LEAKAGE,0.38055555555555554,0.1111111111111111,0.4059937485607229,True,0.3,SNAPSHOT_CONSISTENT,promotion_holdout,tests
embedding,retrieval-047,0.0,2338,0.0,0.0,0.0,0.0,0,NO_DETECTED_LEAKAGE,0.0,0.0,0.0,True,0.0,SNAPSHOT_CONSISTENT,promotion_holdout,tests
hybrid,retrieval-047,0.6666666666666666,2481,0.6666666666666666,0.6666666666666666,0.0,0.75,0,NO_DETECTED_LEAKAGE,0.1732142857142857,0.14285714285714285,0.32761349086265645,True,0.3,SNAPSHOT_CONSISTENT,promotion_holdout,tests
deterministic,retrieval-048,0.0,1488,0.0,0.0,0.0,0.0,0,NO_DETECTED_LEAKAGE,0.0,0.0,0.0,True,0.0,SNAPSHOT_CONSISTENT,promotion_holdout,configuration
embedding,retrieval-048,0.0,1444,0.0,1.0,0.0,0.0,0,NO_DETECTED_LEAKAGE,0.0,0.0,0.0,True,0.0,SNAPSHOT_CONSISTENT,promotion_holdout,configuration
hybrid,retrieval-048,0.0,1319,0.0,1.0,0.0,0.0,0,NO_DETECTED_LEAKAGE,0.0,0.0,0.0,True,0.0,SNAPSHOT_CONSISTENT,promotion_holdout,configuration
deterministic,retrieval-049,0.0,1583,1.0,1.0,0.0,1.0,0,NO_DETECTED_LEAKAGE,0.16666666666666666,0.16666666666666666,0.3562071871080222,False,0.1,SNAPSHOT_CONSISTENT,promotion_holdout,documentation
embedding,retrieval-049,0.0,2226,0.0,1.0,0.0,0.0,0,NO_DETECTED_LEAKAGE,0.0,0.0,0.0,True,0.0,SNAPSHOT_CONSISTENT,promotion_holdout,documentation
hybrid,retrieval-049,1.0,1603,1.0,1.0,0.0,1.0,0,NO_DETECTED_LEAKAGE,0.16666666666666666,0.16666666666666666,0.3562071871080222,False,0.1,SNAPSHOT_CONSISTENT,promotion_holdout,documentation
deterministic,retrieval-050,0.0,2922,0.0,0.3333333333333333,0.0,0.0,0,NO_DETECTED_LEAKAGE,0.0,0.0,0.0,True,0.0,SNAPSHOT_CONSISTENT,promotion_holdout,home_assistant
embedding,retrieval-050,0.3333333333333333,2324,0.6666666666666666,0.6666666666666666,0.3333333333333333,0.5,0,NO_DETECTED_LEAKAGE,0.19999999999999998,0.2,0.3513742924943289,True,0.3,SNAPSHOT_CONSISTENT,promotion_holdout,home_assistant
hybrid,retrieval-050,0.0,2422,0.0,0.6666666666666666,0.0,0.16666666666666666,0,NO_DETECTED_LEAKAGE,0.020833333333333332,0.0,0.04169216950774117,True,0.1,SNAPSHOT_CONSISTENT,promotion_holdout,home_assistant
deterministic,retrieval-051,0.0,7301,0.0,0.0,0.0,0.0,0,NO_DETECTED_LEAKAGE,0.0,0.0,0.0,True,0.0,SNAPSHOT_CONSISTENT,promotion_holdout,node_red
embedding,retrieval-051,0.0,1228,0.0,0.0,0.0,0.0,0,NO_DETECTED_LEAKAGE,0.0,0.0,0.0,True,0.0,SNAPSHOT_CONSISTENT,promotion_holdout,node_red
hybrid,retrieval-051,0.0,1230,0.0,0.0,0.0,0.0,0,NO_DETECTED_LEAKAGE,0.0,0.0,0.0,True,0.0,SNAPSHOT_CONSISTENT,promotion_holdout,node_red
deterministic,retrieval-052,0.0,154,0.0,0.0,0.0,0.16666666666666666,0,NO_DETECTED_LEAKAGE,0.018518518518518517,0.0,0.05674814932735854,True,0.1,SNAPSHOT_CONSISTENT,promotion_holdout,tests
embedding,retrieval-052,0.0,1720,0.0,0.0,0.0,0.0,0,NO_DETECTED_LEAKAGE,0.0,0.0,0.0,True,0.0,SNAPSHOT_CONSISTENT,promotion_holdout,tests
hybrid,retrieval-052,0.0,1371,0.0,0.0,0.0,0.16666666666666666,0,NO_DETECTED_LEAKAGE,0.05555555555555555,0.0,0.09425663579170786,True,0.1,SNAPSHOT_CONSISTENT,promotion_holdout,tests
deterministic,retrieval-053,0.0,1451,0.0,0.0,0.0,0.0,0,NO_DETECTED_LEAKAGE,0.0,0.0,0.0,True,0.0,SNAPSHOT_CONSISTENT,promotion_holdout,configuration
embedding,retrieval-053,1.0,2812,1.0,1.0,0.0,1.0,0,NO_DETECTED_LEAKAGE,0.1111111111111111,0.1111111111111111,0.3010299956639812,False,0.1,SNAPSHOT_CONSISTENT,promotion_holdout,configuration
hybrid,retrieval-053,1.0,3289,1.0,1.0,0.0,1.0,0,NO_DETECTED_LEAKAGE,0.14285714285714285,0.14285714285714285,0.3333333333333333,False,0.1,SNAPSHOT_CONSISTENT,promotion_holdout,configuration
deterministic,retrieval-054,1.0,3220,1.0,1.0,1.0,1.0,0,NO_DETECTED_LEAKAGE,0.5833333333333333,0.5,0.6590018048024133,False,0.2,SNAPSHOT_CONSISTENT,promotion_holdout,documentation
embedding,retrieval-054,0.0,2079,0.0,1.0,0.0,0.0,0,NO_DETECTED_LEAKAGE,0.0,0.0,0.0,True,0.0,SNAPSHOT_CONSISTENT,promotion_holdout,documentation
hybrid,retrieval-054,1.0,3059,1.0,1.0,1.0,0.5,0,NO_DETECTED_LEAKAGE,0.16666666666666666,0.3333333333333333,0.41311732856427996,False,0.1,SNAPSHOT_CONSISTENT,promotion_holdout,documentation
deterministic,retrieval-055,0.0,6442,0.0,0.0,0.0,0.0,0,NO_DETECTED_LEAKAGE,0.0,0.0,0.0,True,0.0,SNAPSHOT_CONSISTENT,promotion_holdout,home_assistant
embedding,retrieval-055,0.0,3651,0.0,0.0,0.0,0.2,0,NO_DETECTED_LEAKAGE,0.02222222222222222,0.0,0.04847255250360482,True,0.1,SNAPSHOT_CONSISTENT,promotion_holdout,home_assistant
hybrid,retrieval-055,0.0,5384,0.0,0.0,0.0,0.0,0,NO_DETECTED_LEAKAGE,0.0,0.0,0.0,True,0.0,SNAPSHOT_CONSISTENT,promotion_holdout,home_assistant
deterministic,retrieval-056,0.5,6447,0.5,0.5,0.5,0.3333333333333333,0,NO_DETECTED_LEAKAGE,0.1111111111111111,0.3333333333333333,0.2781491965442198,True,0.1,SNAPSHOT_CONSISTENT,promotion_holdout,node_red
embedding,retrieval-056,0.5,2763,0.5,0.5,0.5,0.3333333333333333,0,NO_DETECTED_LEAKAGE,0.3333333333333333,1.0,0.5562983930884396,True,0.1,SNAPSHOT_CONSISTENT,promotion_holdout,node_red
hybrid,retrieval-056,0.5,4682,0.5,0.5,0.5,0.3333333333333333,0,NO_DETECTED_LEAKAGE,0.3333333333333333,1.0,0.5562983930884396,True,0.1,SNAPSHOT_CONSISTENT,promotion_holdout,node_red
deterministic,retrieval-057,0.0,2932,0.0,0.0,0.0,0.0,0,NO_DETECTED_LEAKAGE,0.0,0.0,0.0,True,0.0,SNAPSHOT_CONSISTENT,promotion_holdout,tests
embedding,retrieval-057,0.0,2298,0.0,0.0,0.0,0.0,0,NO_DETECTED_LEAKAGE,0.0,0.0,0.0,True,0.0,SNAPSHOT_CONSISTENT,promotion_holdout,tests
hybrid,retrieval-057,0.0,2067,0.0,0.0,0.0,0.0,0,NO_DETECTED_LEAKAGE,0.0,0.0,0.0,True,0.0,SNAPSHOT_CONSISTENT,promotion_holdout,tests
deterministic,retrieval-058,0.0,1529,0.0,1.0,0.0,0.0,0,NO_DETECTED_LEAKAGE,0.0,0.0,0.0,True,0.0,SNAPSHOT_CONSISTENT,promotion_holdout,configuration
embedding,retrieval-058,0.0,1229,0.0,1.0,0.0,0.0,0,NO_DETECTED_LEAKAGE,0.0,0.0,0.0,True,0.0,SNAPSHOT_CONSISTENT,promotion_holdout,configuration
hybrid,retrieval-058,0.0,1284,0.0,1.0,0.0,0.0,0,NO_DETECTED_LEAKAGE,0.0,0.0,0.0,True,0.0,SNAPSHOT_CONSISTENT,promotion_holdout,configuration
deterministic,retrieval-059,0.5,2966,0.5,1.0,0.5,0.5,0,NO_DETECTED_LEAKAGE,0.16666666666666666,0.3333333333333333,0.3065735963827292,True,0.1,SNAPSHOT_CONSISTENT,promotion_holdout,documentation
embedding,retrieval-059,0.0,2777,0.0,0.0,0.0,0.0,0,NO_DETECTED_LEAKAGE,0.0,0.0,0.0,True,0.0,SNAPSHOT_CONSISTENT,promotion_holdout,documentation
hybrid,retrieval-059,0.0,2824,0.5,1.0,0.0,0.5,0,NO_DETECTED_LEAKAGE,0.05555555555555555,0.1111111111111111,0.1845756967795682,True,0.1,SNAPSHOT_CONSISTENT,promotion_holdout,documentation
deterministic,retrieval-060,0.0,3551,0.0,0.6666666666666666,0.0,0.125,0,NO_DETECTED_LEAKAGE,0.017857142857142856,0.0,0.040574581402997495,True,0.1,SNAPSHOT_CONSISTENT,promotion_holdout,home_assistant
embedding,retrieval-060,0.0,1809,0.6666666666666666,0.6666666666666666,0.0,0.75,0,NO_DETECTED_LEAKAGE,0.510515873015873,0.14285714285714285,0.5008468434513901,True,0.6,SNAPSHOT_CONSISTENT,promotion_holdout,home_assistant
hybrid,retrieval-060,0.0,1559,0.0,0.6666666666666666,0.0,0.375,0,NO_DETECTED_LEAKAGE,0.13854166666666667,0.0,0.14635061022763168,True,0.3,SNAPSHOT_CONSISTENT,promotion_holdout,home_assistant
deterministic,retrieval-061,0.3333333333333333,2614,0.6666666666666666,0.6666666666666666,0.6666666666666666,0.6666666666666666,0,NO_DETECTED_LEAKAGE,0.5,1.0,0.6713860725233042,True,0.2,SNAPSHOT_CONSISTENT,promotion_holdout,node_red
embedding,retrieval-061,0.3333333333333333,2354,0.3333333333333333,0.3333333333333333,0.3333333333333333,0.3333333333333333,0,NO_DETECTED_LEAKAGE,0.06666666666666667,0.2,0.1815417925373527,True,0.1,SNAPSHOT_CONSISTENT,promotion_holdout,node_red
hybrid,retrieval-061,0.6666666666666666,2501,0.6666666666666666,0.6666666666666666,0.6666666666666666,0.6666666666666666,0,NO_DETECTED_LEAKAGE,0.5,1.0,0.6713860725233042,True,0.2,SNAPSHOT_CONSISTENT,promotion_holdout,node_red
deterministic,retrieval-062,1.0,3076,1.0,1.0,0.0,1.0,0,NO_DETECTED_LEAKAGE,0.16666666666666666,0.16666666666666666,0.3562071871080222,False,0.1,SNAPSHOT_CONSISTENT,promotion_holdout,tests
embedding,retrieval-062,0.0,1984,0.0,0.0,0.0,0.0,0,NO_DETECTED_LEAKAGE,0.0,0.0,0.0,True,0.0,SNAPSHOT_CONSISTENT,promotion_holdout,tests
hybrid,retrieval-062,1.0,3483,1.0,1.0,1.0,1.0,0,NO_DETECTED_LEAKAGE,0.2,0.2,0.38685280723454163,False,0.1,SNAPSHOT_CONSISTENT,promotion_holdout,tests
deterministic,retrieval-063,0.0,1529,0.0,1.0,0.0,0.0,0,NO_DETECTED_LEAKAGE,0.0,0.0,0.0,True,0.0,SNAPSHOT_CONSISTENT,promotion_holdout,configuration
embedding,retrieval-063,0.0,1229,0.0,1.0,0.0,0.0,0,NO_DETECTED_LEAKAGE,0.0,0.0,0.0,True,0.0,SNAPSHOT_CONSISTENT,promotion_holdout,configuration
hybrid,retrieval-063,0.0,1284,0.0,1.0,0.0,0.0,0,NO_DETECTED_LEAKAGE,0.0,0.0,0.0,True,0.0,SNAPSHOT_CONSISTENT,promotion_holdout,configuration
deterministic,retrieval-064,0.0,3048,0.0,0.0,0.0,0.0,0,NO_DETECTED_LEAKAGE,0.0,0.0,0.0,True,0.0,SNAPSHOT_CONSISTENT,promotion_holdout,documentation
embedding,retrieval-064,1.0,1009,1.0,1.0,1.0,1.0,0,NO_DETECTED_LEAKAGE,0.3333333333333333,0.3333333333333333,0.5,False,0.1,SNAPSHOT_CONSISTENT,promotion_holdout,documentation
hybrid,retrieval-064,0.0,2753,1.0,1.0,0.0,1.0,0,NO_DETECTED_LEAKAGE,0.125,0.125,0.3154648767857287,False,0.1,SNAPSHOT_CONSISTENT,promotion_holdout,documentation
deterministic,retrieval-065,0.0,2444,0.0,0.0,0.0,0.25,0,NO_DETECTED_LEAKAGE,0.125,0.0,0.10834265593797102,True,0.1,SNAPSHOT_CONSISTENT,promotion_holdout,home_assistant
embedding,retrieval-065,0.0,3514,0.0,0.0,0.0,0.25,0,NO_DETECTED_LEAKAGE,0.25,0.0,0.17171904689021833,True,0.1,SNAPSHOT_CONSISTENT,promotion_holdout,home_assistant
hybrid,retrieval-065,0.0,5537,0.0,0.0,0.0,0.25,0,NO_DETECTED_LEAKAGE,0.25,0.0,0.17171904689021833,True,0.1,SNAPSHOT_CONSISTENT,promotion_holdout,home_assistant
deterministic,retrieval-066,0.0,2966,0.3333333333333333,0.3333333333333333,0.0,0.3333333333333333,0,NO_DETECTED_LEAKAGE,0.037037037037037035,0.1111111111111111,0.141266972859829,True,0.1,SNAPSHOT_CONSISTENT,promotion_holdout,node_red
embedding,retrieval-066,0.0,1786,0.0,0.0,0.0,0.0,0,NO_DETECTED_LEAKAGE,0.0,0.0,0.0,True,0.0,SNAPSHOT_CONSISTENT,promotion_holdout,node_red
hybrid,retrieval-066,0.0,2313,0.0,0.0,0.0,0.0,0,NO_DETECTED_LEAKAGE,0.0,0.0,0.0,True,0.0,SNAPSHOT_CONSISTENT,promotion_holdout,node_red
deterministic,retrieval-067,1.0,3278,1.0,1.0,1.0,1.0,0,NO_DETECTED_LEAKAGE,0.325,0.2,0.4382444959756785,False,0.2,SNAPSHOT_CONSISTENT,promotion_holdout,tests
embedding,retrieval-067,0.0,1475,0.0,0.0,0.0,0.0,0,NO_DETECTED_LEAKAGE,0.0,0.0,0.0,True,0.0,SNAPSHOT_CONSISTENT,promotion_holdout,tests
hybrid,retrieval-067,1.0,3383,1.0,1.0,0.0,1.0,0,NO_DETECTED_LEAKAGE,0.26785714285714285,0.14285714285714285,0.39402485180721275,False,0.2,SNAPSHOT_CONSISTENT,promotion_holdout,tests
deterministic,retrieval-068,0.0,1529,0.0,1.0,0.0,0.0,0,NO_DETECTED_LEAKAGE,0.0,0.0,0.0,True,0.0,SNAPSHOT_CONSISTENT,promotion_holdout,configuration
embedding,retrieval-068,0.0,1229,0.0,1.0,0.0,0.0,0,NO_DETECTED_LEAKAGE,0.0,0.0,0.0,True,0.0,SNAPSHOT_CONSISTENT,promotion_holdout,configuration
hybrid,retrieval-068,0.0,1284,1.0,1.0,0.0,1.0,0,NO_DETECTED_LEAKAGE,0.1111111111111111,0.1111111111111111,0.3010299956639812,False,0.1,SNAPSHOT_CONSISTENT,promotion_holdout,configuration
deterministic,retrieval-069,0.0,2062,0.0,1.0,0.0,0.5,0,NO_DETECTED_LEAKAGE,0.08333333333333333,0.0,0.09810357436897517,True,0.1,SNAPSHOT_CONSISTENT,promotion_holdout,documentation
embedding,retrieval-069,0.0,3025,0.0,0.0,0.0,0.5,0,NO_DETECTED_LEAKAGE,0.125,0.0,0.11861329943102608,True,0.1,SNAPSHOT_CONSISTENT,promotion_holdout,documentation
hybrid,retrieval-069,0.0,2410,0.0,1.0,0.0,0.5,0,NO_DETECTED_LEAKAGE,0.5,0.0,0.27541155237618664,True,0.1,SNAPSHOT_CONSISTENT,promotion_holdout,documentation
deterministic,retrieval-070,0.0,4843,0.0,0.0,0.0,0.1,0,NO_DETECTED_LEAKAGE,0.05,0.0,0.06526788426294015,True,0.1,SNAPSHOT_CONSISTENT,promotion_holdout,home_assistant
embedding,retrieval-070,0.0,2160,0.0,0.0,0.0,0.2,0,NO_DETECTED_LEAKAGE,0.2,0.0,0.16871503332110876,True,0.2,SNAPSHOT_CONSISTENT,promotion_holdout,home_assistant
hybrid,retrieval-070,0.0,2972,0.0,0.0,0.0,0.2,0,NO_DETECTED_LEAKAGE,0.12222222222222223,0.0,0.13458784389060033,True,0.2,SNAPSHOT_CONSISTENT,promotion_holdout,home_assistant
deterministic,retrieval-071,0.0,4366,0.0,0.0,0.0,0.0,0,NO_DETECTED_LEAKAGE,0.0,0.0,0.0,True,0.0,SNAPSHOT_CONSISTENT,promotion_holdout,node_red
embedding,retrieval-071,0.0,4216,0.0,0.3333333333333333,0.0,0.0,0,NO_DETECTED_LEAKAGE,0.0,0.0,0.0,True,0.0,SNAPSHOT_CONSISTENT,promotion_holdout,node_red
hybrid,retrieval-071,0.0,8335,0.0,0.0,0.0,0.0,0,NO_DETECTED_LEAKAGE,0.0,0.0,0.0,True,0.0,SNAPSHOT_CONSISTENT,promotion_holdout,node_red
deterministic,retrieval-072,0.0,632,0.0,0.0,0.0,0.0,0,NO_DETECTED_LEAKAGE,0.0,0.0,0.0,True,0.0,SNAPSHOT_CONSISTENT,promotion_holdout,tests
embedding,retrieval-072,0.0,1726,0.0,0.0,0.0,0.0,0,NO_DETECTED_LEAKAGE,0.0,0.0,0.0,True,0.0,SNAPSHOT_CONSISTENT,promotion_holdout,tests
hybrid,retrieval-072,0.0,2173,0.0,0.0,0.0,0.0,0,NO_DETECTED_LEAKAGE,0.0,0.0,0.0,True,0.0,SNAPSHOT_CONSISTENT,promotion_holdout,tests
deterministic,retrieval-073,0.0,1529,0.0,1.0,0.0,0.0,0,NO_DETECTED_LEAKAGE,0.0,0.0,0.0,True,0.0,SNAPSHOT_CONSISTENT,promotion_holdout,configuration
embedding,retrieval-073,0.0,1229,0.0,1.0,0.0,0.0,0,NO_DETECTED_LEAKAGE,0.0,0.0,0.0,True,0.0,SNAPSHOT_CONSISTENT,promotion_holdout,configuration
hybrid,retrieval-073,0.0,1284,0.0,1.0,0.0,0.0,0,NO_DETECTED_LEAKAGE,0.0,0.0,0.0,True,0.0,SNAPSHOT_CONSISTENT,promotion_holdout,configuration
deterministic,retrieval-074,0.0,7154,0.0,0.0,0.0,0.0,0,NO_DETECTED_LEAKAGE,0.0,0.0,0.0,True,0.0,SNAPSHOT_CONSISTENT,promotion_holdout,documentation
embedding,retrieval-074,0.0,1896,0.0,0.0,0.0,0.0,0,NO_DETECTED_LEAKAGE,0.0,0.0,0.0,True,0.0,SNAPSHOT_CONSISTENT,promotion_holdout,documentation
hybrid,retrieval-074,0.0,4613,0.0,0.0,0.0,0.0,0,NO_DETECTED_LEAKAGE,0.0,0.0,0.0,True,0.0,SNAPSHOT_CONSISTENT,promotion_holdout,documentation
deterministic,retrieval-075,0.0,2945,0.0,0.0,0.0,0.0,0,NO_DETECTED_LEAKAGE,0.0,0.0,0.0,True,0.0,SNAPSHOT_CONSISTENT,promotion_holdout,home_assistant
embedding,retrieval-075,0.0,4440,0.0,1.0,0.0,0.0,0,NO_DETECTED_LEAKAGE,0.0,0.0,0.0,True,0.0,SNAPSHOT_CONSISTENT,promotion_holdout,home_assistant
hybrid,retrieval-075,0.0,4809,0.0,1.0,0.0,0.0,0,NO_DETECTED_LEAKAGE,0.0,0.0,0.0,True,0.0,SNAPSHOT_CONSISTENT,promotion_holdout,home_assistant
deterministic,retrieval-076,0.5,7945,1.0,1.0,0.5,1.0,0,NO_DETECTED_LEAKAGE,0.625,1.0,0.8065735963827292,False,0.2,SNAPSHOT_CONSISTENT,promotion_holdout,node_red
embedding,retrieval-076,1.0,8545,1.0,1.0,1.0,1.0,0,NO_DETECTED_LEAKAGE,0.325,0.25,0.5012658353418872,False,0.2,SNAPSHOT_CONSISTENT,promotion_holdout,node_red
hybrid,retrieval-076,0.5,7870,1.0,1.0,1.0,1.0,0,NO_DETECTED_LEAKAGE,0.5,0.5,0.6509209298071326,False,0.2,SNAPSHOT_CONSISTENT,promotion_holdout,node_red
deterministic,retrieval-077,0.0,2105,0.0,0.0,0.0,0.0,0,NO_DETECTED_LEAKAGE,0.0,0.0,0.0,True,0.0,SNAPSHOT_CONSISTENT,promotion_holdout,tests
embedding,retrieval-077,0.0,2157,0.0,0.0,0.0,0.0,0,NO_DETECTED_LEAKAGE,0.0,0.0,0.0,True,0.0,SNAPSHOT_CONSISTENT,promotion_holdout,tests
hybrid,retrieval-077,0.0,2308,0.0,0.0,0.0,0.0,0,NO_DETECTED_LEAKAGE,0.0,0.0,0.0,True,0.0,SNAPSHOT_CONSISTENT,promotion_holdout,tests
deterministic,retrieval-078,0.0,1510,0.0,1.0,0.0,0.0,0,NO_DETECTED_LEAKAGE,0.0,0.0,0.0,True,0.0,SNAPSHOT_CONSISTENT,promotion_holdout,configuration
embedding,retrieval-078,0.0,1210,0.0,1.0,0.0,0.0,0,NO_DETECTED_LEAKAGE,0.0,0.0,0.0,True,0.0,SNAPSHOT_CONSISTENT,promotion_holdout,configuration
hybrid,retrieval-078,0.0,1265,1.0,1.0,0.0,1.0,0,NO_DETECTED_LEAKAGE,0.1111111111111111,0.1111111111111111,0.3010299956639812,False,0.1,SNAPSHOT_CONSISTENT,promotion_holdout,configuration
deterministic,retrieval-079,0.0,2899,0.0,0.0,0.0,0.6,0,NO_DETECTED_LEAKAGE,0.26666666666666666,0.0,0.2600574672369603,True,0.3,SNAPSHOT_CONSISTENT,promotion_holdout,documentation
embedding,retrieval-079,0.0,2994,0.0,1.0,0.0,0.4,0,NO_DETECTED_LEAKAGE,0.3333333333333333,0.0,0.3031246624382913,True,0.2,SNAPSHOT_CONSISTENT,promotion_holdout,documentation
hybrid,retrieval-079,0.0,2339,1.0,1.0,0.0,0.6,0,NO_DETECTED_LEAKAGE,0.3933333333333333,0.1,0.4783700182390773,False,0.3,SNAPSHOT_CONSISTENT,promotion_holdout,documentation
deterministic,retrieval-080,0.0,2181,0.0,0.0,0.0,0.0,0,NO_DETECTED_LEAKAGE,0.0,0.0,0.0,True,0.0,SNAPSHOT_CONSISTENT,promotion_holdout,home_assistant
embedding,retrieval-080,0.0,1356,0.5,0.5,0.0,0.3333333333333333,0,NO_DETECTED_LEAKAGE,0.05555555555555555,0.16666666666666666,0.19815748579474593,True,0.1,SNAPSHOT_CONSISTENT,promotion_holdout,home_assistant
hybrid,retrieval-080,0.0,1132,0.0,0.5,0.0,0.0,0,NO_DETECTED_LEAKAGE,0.0,0.0,0.0,True,0.0,SNAPSHOT_CONSISTENT,promotion_holdout,home_assistant
deterministic,retrieval-081,0.0,1882,0.0,0.0,0.0,0.0,0,NO_DETECTED_LEAKAGE,0.0,0.0,0.0,True,0.0,SNAPSHOT_CONSISTENT,promotion_holdout,node_red
embedding,retrieval-081,0.0,1562,0.0,0.0,0.0,0.0,0,NO_DETECTED_LEAKAGE,0.0,0.0,0.0,True,0.0,SNAPSHOT_CONSISTENT,promotion_holdout,node_red
hybrid,retrieval-081,0.0,1709,0.0,0.0,0.0,0.0,0,NO_DETECTED_LEAKAGE,0.0,0.0,0.0,True,0.0,SNAPSHOT_CONSISTENT,promotion_holdout,node_red
deterministic,retrieval-082,0.0,1643,0.0,1.0,0.0,0.0,0,NO_DETECTED_LEAKAGE,0.0,0.0,0.0,True,0.0,SNAPSHOT_CONSISTENT,promotion_holdout,tests
embedding,retrieval-082,1.0,2811,1.0,1.0,0.0,0.5,0,NO_DETECTED_LEAKAGE,0.08333333333333333,0.16666666666666666,0.2943107231069255,False,0.1,SNAPSHOT_CONSISTENT,promotion_holdout,tests
hybrid,retrieval-082,1.0,2672,1.0,1.0,1.0,0.5,0,NO_DETECTED_LEAKAGE,0.1,0.2,0.3196311965446524,False,0.1,SNAPSHOT_CONSISTENT,promotion_holdout,tests
deterministic,retrieval-083,0.0,1510,0.0,1.0,0.0,0.0,0,NO_DETECTED_LEAKAGE,0.0,0.0,0.0,True,0.0,SNAPSHOT_CONSISTENT,promotion_holdout,configuration
embedding,retrieval-083,0.0,1210,1.0,1.0,0.0,1.0,0,NO_DETECTED_LEAKAGE,0.1,0.1,0.2890648263178878,False,0.1,SNAPSHOT_CONSISTENT,promotion_holdout,configuration
hybrid,retrieval-083,0.0,1265,1.0,1.0,0.0,1.0,0,NO_DETECTED_LEAKAGE,0.125,0.125,0.3154648767857287,False,0.1,SNAPSHOT_CONSISTENT,promotion_holdout,configuration
deterministic,retrieval-084,0.0,2590,0.0,1.0,0.0,0.0,0,NO_DETECTED_LEAKAGE,0.0,0.0,0.0,True,0.0,SNAPSHOT_CONSISTENT,promotion_holdout,documentation
embedding,retrieval-084,0.0,2565,0.0,0.0,0.0,0.0,0,NO_DETECTED_LEAKAGE,0.0,0.0,0.0,True,0.0,SNAPSHOT_CONSISTENT,promotion_holdout,documentation
hybrid,retrieval-084,0.0,3716,0.0,0.0,0.0,0.0,0,NO_DETECTED_LEAKAGE,0.0,0.0,0.0,True,0.0,SNAPSHOT_CONSISTENT,promotion_holdout,documentation
deterministic,retrieval-085,0.25,5948,0.25,0.5,0.25,0.25,0,NO_DETECTED_LEAKAGE,0.1125,0.5,0.2511538124513004,True,0.2,SNAPSHOT_CONSISTENT,promotion_holdout,home_assistant
embedding,retrieval-085,0.25,1516,0.25,0.5,0.25,0.5,0,NO_DETECTED_LEAKAGE,0.3333333333333333,0.3333333333333333,0.34989871125499844,True,0.4,SNAPSHOT_CONSISTENT,promotion_holdout,home_assistant
hybrid,retrieval-085,0.25,3781,0.25,0.75,0.25,0.25,0,NO_DETECTED_LEAKAGE,0.125,0.5,0.2559819836163449,True,0.2,SNAPSHOT_CONSISTENT,promotion_holdout,home_assistant
deterministic,retrieval-086,0.0,1882,0.0,0.0,0.0,0.0,0,NO_DETECTED_LEAKAGE,0.0,0.0,0.0,True,0.0,SNAPSHOT_CONSISTENT,promotion_holdout,node_red
embedding,retrieval-086,0.0,1562,0.0,0.0,0.0,0.0,0,NO_DETECTED_LEAKAGE,0.0,0.0,0.0,True,0.0,SNAPSHOT_CONSISTENT,promotion_holdout,node_red
hybrid,retrieval-086,0.0,1709,0.0,0.0,0.0,0.0,0,NO_DETECTED_LEAKAGE,0.0,0.0,0.0,True,0.0,SNAPSHOT_CONSISTENT,promotion_holdout,node_red
deterministic,retrieval-087,0.0,2770,0.0,0.0,0.0,0.0,0,NO_DETECTED_LEAKAGE,0.0,0.0,0.0,True,0.0,SNAPSHOT_CONSISTENT,promotion_holdout,documentation
embedding,retrieval-087,0.5,2716,0.5,0.5,0.5,0.3333333333333333,0,NO_DETECTED_LEAKAGE,0.1111111111111111,0.3333333333333333,0.2781491965442198,True,0.1,SNAPSHOT_CONSISTENT,promotion_holdout,documentation
hybrid,retrieval-087,0.0,2674,0.0,0.5,0.0,0.0,0,NO_DETECTED_LEAKAGE,0.0,0.0,0.0,True,0.0,SNAPSHOT_CONSISTENT,promotion_holdout,documentation
deterministic,retrieval-088,0.0,3496,0.0,0.0,0.0,0.0,0,NO_DETECTED_LEAKAGE,0.0,0.0,0.0,True,0.0,SNAPSHOT_CONSISTENT,promotion_holdout,home_assistant
embedding,retrieval-088,0.0,2509,0.0,1.0,0.0,0.5,0,NO_DETECTED_LEAKAGE,0.07142857142857142,0.0,0.09180385079206221,True,0.1,SNAPSHOT_CONSISTENT,promotion_holdout,home_assistant
hybrid,retrieval-088,0.0,3057,0.0,0.0,0.0,0.0,0,NO_DETECTED_LEAKAGE,0.0,0.0,0.0,True,0.0,SNAPSHOT_CONSISTENT,promotion_holdout,home_assistant
deterministic,retrieval-089,0.6666666666666666,4373,0.6666666666666666,0.6666666666666666,0.6666666666666666,0.6,0,NO_DETECTED_LEAKAGE,0.55,1.0,0.7383121460922933,True,0.3,SNAPSHOT_CONSISTENT,promotion_holdout,node_red
embedding,retrieval-089,0.0,1990,0.0,0.0,0.0,0.4,0,NO_DETECTED_LEAKAGE,0.2571428571428571,0.0,0.18492016823241125,True,0.2,SNAPSHOT_CONSISTENT,promotion_holdout,node_red
hybrid,retrieval-089,0.3333333333333333,2065,0.6666666666666666,0.6666666666666666,0.3333333333333333,0.8,0,NO_DETECTED_LEAKAGE,0.4746031746031746,0.25,0.48936159101362586,True,0.4,SNAPSHOT_CONSISTENT,promotion_holdout,node_red
deterministic,retrieval-090,0.0,3718,0.0,1.0,0.0,0.0,0,NO_DETECTED_LEAKAGE,0.0,0.0,0.0,True,0.0,SNAPSHOT_CONSISTENT,promotion_holdout,documentation
embedding,retrieval-090,1.0,1440,1.0,1.0,0.0,1.0,0,NO_DETECTED_LEAKAGE,0.14285714285714285,0.14285714285714285,0.3333333333333333,False,0.1,SNAPSHOT_CONSISTENT,promotion_holdout,documentation
hybrid,retrieval-090,1.0,1564,1.0,1.0,1.0,1.0,0,NO_DETECTED_LEAKAGE,0.25,0.25,0.4306765580733931,False,0.1,SNAPSHOT_CONSISTENT,promotion_holdout,documentation
deterministic,retrieval-091,0.25,4803,0.25,0.25,0.25,0.25,0,NO_DETECTED_LEAKAGE,0.25,0.5,0.3187057572157748,True,0.2,SNAPSHOT_CONSISTENT,promotion_holdout,home_assistant
embedding,retrieval-091,0.5,2341,0.5,0.75,0.5,0.625,0,NO_DETECTED_LEAKAGE,0.41220238095238093,0.5,0.4972090854307224,True,0.5,SNAPSHOT_CONSISTENT,promotion_holdout,home_assistant
hybrid,retrieval-091,0.25,3488,0.25,1.0,0.25,0.25,0,NO_DETECTED_LEAKAGE,0.06696428571428571,0.25,0.17907026796170022,True,0.2,SNAPSHOT_CONSISTENT,promotion_holdout,home_assistant
deterministic,retrieval-092,0.25,2893,0.25,1.0,0.25,0.25,0,NO_DETECTED_LEAKAGE,0.05,0.2,0.15101961822780524,True,0.1,SNAPSHOT_CONSISTENT,promotion_holdout,node_red
embedding,retrieval-092,0.25,2305,0.25,0.5,0.0,0.25,0,NO_DETECTED_LEAKAGE,0.025,0.1,0.11284514134893525,True,0.1,SNAPSHOT_CONSISTENT,promotion_holdout,node_red
hybrid,retrieval-092,0.25,4634,0.25,0.25,0.25,0.25,0,NO_DETECTED_LEAKAGE,0.125,0.5,0.24630238874072996,True,0.1,SNAPSHOT_CONSISTENT,promotion_holdout,node_red
deterministic,retrieval-093,0.0,2063,0.0,0.0,0.0,0.0,0,NO_DETECTED_LEAKAGE,0.0,0.0,0.0,True,0.0,SNAPSHOT_CONSISTENT,promotion_holdout,documentation
embedding,retrieval-093,1.0,2338,1.0,1.0,1.0,1.0,0,NO_DETECTED_LEAKAGE,0.2,0.2,0.38685280723454163,False,0.1,SNAPSHOT_CONSISTENT,promotion_holdout,documentation
hybrid,retrieval-093,0.0,3151,1.0,1.0,0.0,1.0,0,NO_DETECTED_LEAKAGE,0.1111111111111111,0.1111111111111111,0.3010299956639812,False,0.1,SNAPSHOT_CONSISTENT,promotion_holdout,documentation
deterministic,retrieval-094,0.0,2569,0.0,0.0,0.0,0.25,0,NO_DETECTED_LEAKAGE,0.041666666666666664,0.0,0.06116755866563524,True,0.1,SNAPSHOT_CONSISTENT,promotion_holdout,home_assistant
embedding,retrieval-094,0.0,2250,0.0,0.0,0.0,0.25,0,NO_DETECTED_LEAKAGE,0.05,0.0,0.06642999534512085,True,0.1,SNAPSHOT_CONSISTENT,promotion_holdout,home_assistant
hybrid,retrieval-094,0.0,2511,0.0,0.0,0.0,0.5,0,NO_DETECTED_LEAKAGE,0.18055555555555555,0.0,0.16003523987875642,True,0.2,SNAPSHOT_CONSISTENT,promotion_holdout,home_assistant
deterministic,retrieval-095,0.25,1458,0.75,1.0,0.5,0.75,0,NO_DETECTED_LEAKAGE,0.625,1.0,0.7757386182436072,True,0.3,SNAPSHOT_CONSISTENT,promotion_holdout,node_red
embedding,retrieval-095,0.0,2432,0.0,0.25,0.0,0.0,0,NO_DETECTED_LEAKAGE,0.0,0.0,0.0,True,0.0,SNAPSHOT_CONSISTENT,promotion_holdout,node_red
hybrid,retrieval-095,0.5,3305,0.5,0.75,0.5,0.5,0,NO_DETECTED_LEAKAGE,0.29166666666666663,0.5,0.4414924137367808,True,0.2,SNAPSHOT_CONSISTENT,promotion_holdout,node_red
deterministic,retrieval-096,0.0,1944,0.0,0.0,0.0,0.0,0,NO_DETECTED_LEAKAGE,0.0,0.0,0.0,True,0.0,SNAPSHOT_CONSISTENT,promotion_holdout,documentation
embedding,retrieval-096,0.0,1810,0.0,0.0,0.0,0.0,0,NO_DETECTED_LEAKAGE,0.0,0.0,0.0,True,0.0,SNAPSHOT_CONSISTENT,promotion_holdout,documentation
hybrid,retrieval-096,0.0,1981,0.0,0.0,0.0,0.0,0,NO_DETECTED_LEAKAGE,0.0,0.0,0.0,True,0.0,SNAPSHOT_CONSISTENT,promotion_holdout,documentation
deterministic,retrieval-097,0.0,2889,1.0,1.0,0.0,0.5,0,NO_DETECTED_LEAKAGE,0.0625,0.125,0.26064801430716,False,0.1,SNAPSHOT_CONSISTENT,promotion_holdout,home_assistant
embedding,retrieval-097,0.0,1951,0.0,0.0,0.0,0.0,0,NO_DETECTED_LEAKAGE,0.0,0.0,0.0,True,0.0,SNAPSHOT_CONSISTENT,promotion_holdout,home_assistant
hybrid,retrieval-097,0.0,3917,0.0,0.0,0.0,0.0,0,NO_DETECTED_LEAKAGE,0.0,0.0,0.0,True,0.0,SNAPSHOT_CONSISTENT,promotion_holdout,home_assistant
deterministic,retrieval-098,0.0,1458,0.3333333333333333,0.3333333333333333,0.3333333333333333,0.3333333333333333,0,NO_DETECTED_LEAKAGE,0.08333333333333333,0.25,0.20210734650054762,True,0.1,SNAPSHOT_CONSISTENT,promotion_holdout,node_red
embedding,retrieval-098,0.0,2161,0.0,0.0,0.0,0.0,0,NO_DETECTED_LEAKAGE,0.0,0.0,0.0,True,0.0,SNAPSHOT_CONSISTENT,promotion_holdout,node_red
hybrid,retrieval-098,0.0,2502,0.3333333333333333,0.3333333333333333,0.0,0.3333333333333333,0,NO_DETECTED_LEAKAGE,0.047619047619047616,0.14285714285714285,0.1564262420075855,True,0.1,SNAPSHOT_CONSISTENT,promotion_holdout,node_red
deterministic,retrieval-099,0.0,1498,1.0,1.0,1.0,1.0,0,NO_DETECTED_LEAKAGE,0.3333333333333333,0.3333333333333333,0.5,False,0.1,SNAPSHOT_CONSISTENT,promotion_holdout,documentation
embedding,retrieval-099,0.0,1887,0.0,1.0,0.0,0.0,0,NO_DETECTED_LEAKAGE,0.0,0.0,0.0,True,0.0,SNAPSHOT_CONSISTENT,promotion_holdout,documentation
hybrid,retrieval-099,1.0,2059,1.0,1.0,1.0,1.0,0,NO_DETECTED_LEAKAGE,0.3333333333333333,0.3333333333333333,0.5,False,0.1,SNAPSHOT_CONSISTENT,promotion_holdout,documentation
deterministic,retrieval-100,0.0,5867,0.0,0.0,0.0,0.5,0,NO_DETECTED_LEAKAGE,0.05,0.0,0.07961179255356228,True,0.1,SNAPSHOT_CONSISTENT,promotion_holdout,home_assistant
embedding,retrieval-100,1.0,3257,1.0,1.0,1.0,0.5,0,NO_DETECTED_LEAKAGE,0.25,0.5,0.52129602861432,False,0.1,SNAPSHOT_CONSISTENT,promotion_holdout,home_assistant
hybrid,retrieval-100,1.0,4507,1.0,1.0,0.0,1.0,0,NO_DETECTED_LEAKAGE,0.19444444444444442,0.1111111111111111,0.34682498962181657,False,0.2,SNAPSHOT_CONSISTENT,promotion_holdout,home_assistant
deterministic,retrieval-101,0.0,1458,0.5,1.0,0.5,0.4,0,NO_DETECTED_LEAKAGE,0.16666666666666666,0.3333333333333333,0.34590475968363393,True,0.2,SNAPSHOT_CONSISTENT,promotion_holdout,node_red
embedding,retrieval-101,0.25,1683,0.25,0.25,0.25,0.4,0,NO_DETECTED_LEAKAGE,0.10666666666666666,0.2,0.18791220174224377,True,0.2,SNAPSHOT_CONSISTENT,promotion_holdout,node_red
hybrid,retrieval-101,0.25,2682,0.25,0.75,0.25,0.2,0,NO_DETECTED_LEAKAGE,0.05,0.25,0.16006965043811025,True,0.1,SNAPSHOT_CONSISTENT,promotion_holdout,node_red
deterministic,retrieval-102,0.0,294,0.0,0.0,0.0,0.0,0,NO_DETECTED_LEAKAGE,0.0,0.0,0.0,True,0.0,SNAPSHOT_CONSISTENT,promotion_holdout,documentation
embedding,retrieval-102,1.0,1140,1.0,1.0,1.0,1.0,0,NO_DETECTED_LEAKAGE,0.5,0.5,0.6309297535714574,False,0.1,SNAPSHOT_CONSISTENT,promotion_holdout,documentation
hybrid,retrieval-102,1.0,2334,1.0,1.0,1.0,1.0,0,NO_DETECTED_LEAKAGE,0.5,0.5,0.6309297535714574,False,0.1,SNAPSHOT_CONSISTENT,promotion_holdout,documentation
deterministic,retrieval-103,0.25,4564,0.25,0.25,0.25,0.3333333333333333,0,NO_DETECTED_LEAKAGE,0.15,0.2,0.21256690921979624,True,0.2,SNAPSHOT_CONSISTENT,promotion_holdout,home_assistant
embedding,retrieval-103,0.5,7186,0.5,0.75,0.5,0.5,0,NO_DETECTED_LEAKAGE,0.3194444444444444,0.5,0.45366881167521883,True,0.3,SNAPSHOT_CONSISTENT,promotion_holdout,home_assistant
hybrid,retrieval-103,0.5,4101,0.5,0.75,0.25,0.6666666666666666,0,NO_DETECTED_LEAKAGE,0.32407407407407407,0.25,0.39068085961008236,True,0.4,SNAPSHOT_CONSISTENT,promotion_holdout,home_assistant
deterministic,retrieval-104,0.0,7592,0.25,0.5,0.25,0.25,0,NO_DETECTED_LEAKAGE,0.08333333333333333,0.3333333333333333,0.19519002499605084,True,0.1,SNAPSHOT_CONSISTENT,promotion_holdout,node_red
embedding,retrieval-104,0.0,911,0.0,0.0,0.0,0.0,0,NO_DETECTED_LEAKAGE,0.0,0.0,0.0,True,0.0,SNAPSHOT_CONSISTENT,promotion_holdout,node_red
hybrid,retrieval-104,0.0,4878,0.25,0.25,0.25,0.25,0,NO_DETECTED_LEAKAGE,0.05,0.2,0.15101961822780524,True,0.1,SNAPSHOT_CONSISTENT,promotion_holdout,node_red
deterministic,retrieval-105,0.0,2003,0.0,1.0,0.0,0.0,0,NO_DETECTED_LEAKAGE,0.0,0.0,0.0,True,0.0,SNAPSHOT_CONSISTENT,promotion_holdout,documentation
embedding,retrieval-105,1.0,1096,1.0,1.0,0.0,1.0,0,NO_DETECTED_LEAKAGE,0.125,0.125,0.3154648767857287,False,0.1,SNAPSHOT_CONSISTENT,promotion_holdout,documentation
hybrid,retrieval-105,1.0,894,1.0,1.0,0.0,1.0,0,NO_DETECTED_LEAKAGE,0.16666666666666666,0.16666666666666666,0.3562071871080222,False,0.1,SNAPSHOT_CONSISTENT,promotion_holdout,documentation
deterministic,retrieval-106,0.0,1586,0.0,0.0,0.0,0.0,0,NO_DETECTED_LEAKAGE,0.0,0.0,0.0,True,0.0,SNAPSHOT_CONSISTENT,promotion_holdout,home_assistant
embedding,retrieval-106,0.0,1764,0.0,0.0,0.0,0.0,0,NO_DETECTED_LEAKAGE,0.0,0.0,0.0,True,0.0,SNAPSHOT_CONSISTENT,promotion_holdout,home_assistant
hybrid,retrieval-106,0.0,1923,0.0,0.0,0.0,0.0,0,NO_DETECTED_LEAKAGE,0.0,0.0,0.0,True,0.0,SNAPSHOT_CONSISTENT,promotion_holdout,home_assistant
deterministic,retrieval-107,0.0,2109,0.0,0.0,0.0,0.0,0,NO_DETECTED_LEAKAGE,0.0,0.0,0.0,True,0.0,SNAPSHOT_CONSISTENT,promotion_holdout,node_red
embedding,retrieval-107,0.0,2751,0.0,0.0,0.0,0.0,0,NO_DETECTED_LEAKAGE,0.0,0.0,0.0,True,0.0,SNAPSHOT_CONSISTENT,promotion_holdout,node_red
hybrid,retrieval-107,0.0,3271,0.0,0.0,0.0,0.0,0,NO_DETECTED_LEAKAGE,0.0,0.0,0.0,True,0.0,SNAPSHOT_CONSISTENT,promotion_holdout,node_red
deterministic,retrieval-108,0.5,2932,1.0,1.0,0.25,1.0,0,NO_DETECTED_LEAKAGE,0.36408730158730157,0.25,0.5548265038690209,False,0.4,SNAPSHOT_CONSISTENT,promotion_holdout,documentation
embedding,retrieval-108,0.0,1000,0.0,0.0,0.0,0.0,0,NO_DETECTED_LEAKAGE,0.0,0.0,0.0,True,0.0,SNAPSHOT_CONSISTENT,promotion_holdout,documentation
hybrid,retrieval-108,0.25,1501,0.25,0.5,0.25,0.25,0,NO_DETECTED_LEAKAGE,0.0625,0.25,0.16812753627111748,True,0.1,SNAPSHOT_CONSISTENT,promotion_holdout,documentation
deterministic,retrieval-109,0.0,1072,0.0,0.3333333333333333,0.0,0.2,0,NO_DETECTED_LEAKAGE,0.03333333333333333,0.0,0.04940241972420709,True,0.1,SNAPSHOT_CONSISTENT,promotion_holdout,home_assistant
embedding,retrieval-109,0.3333333333333333,2334,0.6666666666666666,0.6666666666666666,0.0,0.8,0,NO_DETECTED_LEAKAGE,0.44571428571428573,0.14285714285714285,0.45130422869860815,True,0.4,SNAPSHOT_CONSISTENT,promotion_holdout,home_assistant
hybrid,retrieval-109,0.0,1319,0.3333333333333333,0.6666666666666666,0.0,0.6,0,NO_DETECTED_LEAKAGE,0.24166666666666664,0.125,0.26033123996159613,True,0.3,SNAPSHOT_CONSISTENT,promotion_holdout,home_assistant
deterministic,retrieval-110,0.0,4350,0.0,0.0,0.0,0.2857142857142857,0,NO_DETECTED_LEAKAGE,0.05215419501133787,0.0,0.0724058851655196,True,0.2,SNAPSHOT_CONSISTENT,promotion_holdout,node_red
embedding,retrieval-110,0.0,2422,0.0,0.0,0.0,0.2857142857142857,0,NO_DETECTED_LEAKAGE,0.1285714285714286,0.0,0.11616914763605388,True,0.2,SNAPSHOT_CONSISTENT,promotion_holdout,node_red
hybrid,retrieval-110,0.0,3451,0.0,0.0,0.0,0.2857142857142857,0,NO_DETECTED_LEAKAGE,0.16666666666666666,0.0,0.12908370664614977,True,0.2,SNAPSHOT_CONSISTENT,promotion_holdout,node_red
deterministic,retrieval-111,0.0,3040,0.0,1.0,0.0,0.3333333333333333,0,NO_DETECTED_LEAKAGE,0.1111111111111111,0.0,0.12103812696590094,True,0.1,SNAPSHOT_CONSISTENT,promotion_holdout,home_assistant
embedding,retrieval-111,1.0,2082,1.0,1.0,1.0,1.0,0,NO_DETECTED_LEAKAGE,0.8333333333333334,0.5,0.7865048891265763,False,0.3,SNAPSHOT_CONSISTENT,promotion_holdout,home_assistant
hybrid,retrieval-111,1.0,5809,1.0,1.0,1.0,0.6666666666666666,0,NO_DETECTED_LEAKAGE,0.5555555555555555,0.3333333333333333,0.6051906348295047,False,0.2,SNAPSHOT_CONSISTENT,promotion_holdout,home_assistant
deterministic,retrieval-112,0.0,1488,0.0,0.0,0.0,0.0,0,NO_DETECTED_LEAKAGE,0.0,0.0,0.0,True,0.0,SNAPSHOT_CONSISTENT,promotion_holdout,node_red
embedding,retrieval-112,0.0,1444,0.0,0.0,0.0,0.0,0,NO_DETECTED_LEAKAGE,0.0,0.0,0.0,True,0.0,SNAPSHOT_CONSISTENT,promotion_holdout,node_red
hybrid,retrieval-112,0.0,1319,0.0,0.0,0.0,0.0,0,NO_DETECTED_LEAKAGE,0.0,0.0,0.0,True,0.0,SNAPSHOT_CONSISTENT,promotion_holdout,node_red
deterministic,retrieval-113,0.0,4501,0.0,0.5,0.0,0.25,0,NO_DETECTED_LEAKAGE,0.027777777777777776,0.0,0.05169258394078541,True,0.1,SNAPSHOT_CONSISTENT,promotion_holdout,home_assistant
embedding,retrieval-113,1.0,2796,1.0,1.0,0.5,1.0,0,NO_DETECTED_LEAKAGE,0.7708333333333333,0.3333333333333333,0.6867556612927743,False,0.4,SNAPSHOT_CONSISTENT,promotion_holdout,home_assistant
hybrid,retrieval-113,0.5,2208,0.5,1.0,0.0,0.75,0,NO_DETECTED_LEAKAGE,0.1732142857142857,0.14285714285714285,0.2755283113239981,True,0.3,SNAPSHOT_CONSISTENT,promotion_holdout,home_assistant
deterministic,retrieval-114,0.0,2283,0.0,0.0,0.0,0.0,0,NO_DETECTED_LEAKAGE,0.0,0.0,0.0,True,0.0,SNAPSHOT_CONSISTENT,promotion_holdout,node_red
embedding,retrieval-114,0.0,1711,0.0,0.0,0.0,0.0,0,NO_DETECTED_LEAKAGE,0.0,0.0,0.0,True,0.0,SNAPSHOT_CONSISTENT,promotion_holdout,node_red
hybrid,retrieval-114,0.0,3397,0.0,0.0,0.0,0.0,0,NO_DETECTED_LEAKAGE,0.0,0.0,0.0,True,0.0,SNAPSHOT_CONSISTENT,promotion_holdout,node_red
deterministic,retrieval-115,0.0,3778,0.0,0.0,0.0,0.0,0,NO_DETECTED_LEAKAGE,0.0,0.0,0.0,True,0.0,SNAPSHOT_CONSISTENT,promotion_holdout,home_assistant
embedding,retrieval-115,0.0,2346,0.0,1.0,0.0,0.0,0,NO_DETECTED_LEAKAGE,0.0,0.0,0.0,True,0.0,SNAPSHOT_CONSISTENT,promotion_holdout,home_assistant
hybrid,retrieval-115,0.0,3529,0.0,0.0,0.0,0.0,0,NO_DETECTED_LEAKAGE,0.0,0.0,0.0,True,0.0,SNAPSHOT_CONSISTENT,promotion_holdout,home_assistant
deterministic,retrieval-116,0.0,6726,0.0,0.0,0.0,0.3333333333333333,0,NO_DETECTED_LEAKAGE,0.1111111111111111,0.0,0.09271639884807328,True,0.1,SNAPSHOT_CONSISTENT,promotion_holdout,node_red
embedding,retrieval-116,0.0,5535,0.0,0.0,0.0,0.0,0,NO_DETECTED_LEAKAGE,0.0,0.0,0.0,True,0.0,SNAPSHOT_CONSISTENT,promotion_holdout,node_red
hybrid,retrieval-116,0.0,5060,0.0,0.0,0.0,0.3333333333333333,0,NO_DETECTED_LEAKAGE,0.08333333333333333,0.0,0.07986155906569621,True,0.1,SNAPSHOT_CONSISTENT,promotion_holdout,node_red
deterministic,retrieval-117,0.0,4302,0.0,0.5,0.0,0.2,0,NO_DETECTED_LEAKAGE,0.0365079365079365,0.0,0.06562307785182124,True,0.2,SNAPSHOT_CONSISTENT,promotion_holdout,home_assistant
embedding,retrieval-117,0.5,4012,0.5,0.5,0.5,0.4,0,NO_DETECTED_LEAKAGE,0.32166666666666666,1.0,0.5266737438431551,True,0.4,SNAPSHOT_CONSISTENT,promotion_holdout,home_assistant
hybrid,retrieval-117,0.5,4009,0.5,0.5,0.25,0.4,0,NO_DETECTED_LEAKAGE,0.3416666666666667,0.25,0.41291767355880427,True,0.4,SNAPSHOT_CONSISTENT,promotion_holdout,home_assistant
deterministic,retrieval-118,0.0,8173,0.0,0.0,0.0,0.3333333333333333,0,NO_DETECTED_LEAKAGE,0.3333333333333333,0.0,0.2155453895024419,True,0.2,SNAPSHOT_CONSISTENT,promotion_holdout,node_red
embedding,retrieval-118,0.0,4424,0.0,0.3333333333333333,0.0,0.16666666666666666,0,NO_DETECTED_LEAKAGE,0.05555555555555555,0.0,0.06608052524347977,True,0.1,SNAPSHOT_CONSISTENT,promotion_holdout,node_red
hybrid,retrieval-118,0.0,5504,0.0,0.0,0.0,0.3333333333333333,0,NO_DETECTED_LEAKAGE,0.25,0.0,0.18907971682204722,True,0.2,SNAPSHOT_CONSISTENT,promotion_holdout,node_red
deterministic,retrieval-119,1.0,5306,1.0,1.0,0.0,1.0,0,NO_DETECTED_LEAKAGE,0.24285714285714285,0.14285714285714285,0.3819552845577374,False,0.2,SNAPSHOT_CONSISTENT,promotion_holdout,home_assistant
embedding,retrieval-119,1.0,4436,1.0,1.0,1.0,0.5,0,NO_DETECTED_LEAKAGE,0.25,0.5,0.52129602861432,False,0.1,SNAPSHOT_CONSISTENT,promotion_holdout,home_assistant
hybrid,retrieval-119,1.0,5098,1.0,1.0,0.0,1.0,0,NO_DETECTED_LEAKAGE,0.20833333333333331,0.16666666666666666,0.38119339454264556,False,0.2,SNAPSHOT_CONSISTENT,promotion_holdout,home_assistant
deterministic,retrieval-120,0.0,709,1.0,1.0,0.0,1.0,0,NO_DETECTED_LEAKAGE,0.1,0.1,0.2890648263178878,False,0.1,SNAPSHOT_CONSISTENT,promotion_holdout,node_red
embedding,retrieval-120,0.0,1680,0.0,1.0,0.0,0.0,0,NO_DETECTED_LEAKAGE,0.0,0.0,0.0,True,0.0,SNAPSHOT_CONSISTENT,promotion_holdout,node_red
hybrid,retrieval-120,1.0,1326,1.0,1.0,0.0,1.0,0,NO_DETECTED_LEAKAGE,0.16666666666666666,0.16666666666666666,0.3562071871080222,False,0.1,SNAPSHOT_CONSISTENT,promotion_holdout,node_red
deterministic,retrieval-121,0.0,4395,0.0,0.0,0.0,0.0,0,NO_DETECTED_LEAKAGE,0.0,0.0,0.0,True,0.0,SNAPSHOT_CONSISTENT,promotion_holdout,home_assistant
embedding,retrieval-121,0.0,3505,0.5,0.5,0.0,0.5,0,NO_DETECTED_LEAKAGE,0.05555555555555555,0.1111111111111111,0.1845756967795682,True,0.1,SNAPSHOT_CONSISTENT,promotion_holdout,home_assistant
hybrid,retrieval-121,0.0,2019,0.0,0.5,0.0,0.0,0,NO_DETECTED_LEAKAGE,0.0,0.0,0.0,True,0.0,SNAPSHOT_CONSISTENT,promotion_holdout,home_assistant
deterministic,retrieval-122,0.0,2273,0.0,0.0,0.0,0.0,0,NO_DETECTED_LEAKAGE,0.0,0.0,0.0,True,0.0,SNAPSHOT_CONSISTENT,promotion_holdout,node_red
embedding,retrieval-122,0.0,4965,0.0,0.0,0.0,0.0,0,NO_DETECTED_LEAKAGE,0.0,0.0,0.0,True,0.0,SNAPSHOT_CONSISTENT,promotion_holdout,node_red
hybrid,retrieval-122,0.0,2216,0.0,0.0,0.0,0.5,0,NO_DETECTED_LEAKAGE,0.5,0.0,0.27541155237618664,True,0.1,SNAPSHOT_CONSISTENT,promotion_holdout,node_red
deterministic,retrieval-123,0.0,5787,0.5,0.5,0.0,0.3,0,NO_DETECTED_LEAKAGE,0.10833333333333332,0.125,0.2565917951546455,True,0.3,SNAPSHOT_CONSISTENT,promotion_holdout,home_assistant
embedding,retrieval-123,0.5,5155,0.5,0.5,0.5,0.4,0,NO_DETECTED_LEAKAGE,0.2671428571428571,1.0,0.5094325523334604,True,0.4,SNAPSHOT_CONSISTENT,promotion_holdout,home_assistant
hybrid,retrieval-123,0.25,3757,0.25,0.75,0.0,0.3,0,NO_DETECTED_LEAKAGE,0.08,0.125,0.17235702066886768,True,0.3,SNAPSHOT_CONSISTENT,promotion_holdout,home_assistant
deterministic,retrieval-124,0.0,1170,0.0,0.0,0.0,0.0,0,NO_DETECTED_LEAKAGE,0.0,0.0,0.0,True,0.0,SNAPSHOT_CONSISTENT,promotion_holdout,node_red
embedding,retrieval-124,0.0,1267,0.0,0.0,0.0,0.0,0,NO_DETECTED_LEAKAGE,0.0,0.0,0.0,True,0.0,SNAPSHOT_CONSISTENT,promotion_holdout,node_red
hybrid,retrieval-124,0.0,3458,0.0,0.0,0.0,0.0,0,NO_DETECTED_LEAKAGE,0.0,0.0,0.0,True,0.0,SNAPSHOT_CONSISTENT,promotion_holdout,node_red
deterministic,retrieval-125,0.0,3449,0.0,1.0,0.0,0.0,0,NO_DETECTED_LEAKAGE,0.0,0.0,0.0,True,0.0,SNAPSHOT_CONSISTENT,promotion_holdout,home_assistant
embedding,retrieval-125,1.0,3393,1.0,1.0,1.0,1.0,0,NO_DETECTED_LEAKAGE,1.0,1.0,1.0,False,0.1,SNAPSHOT_CONSISTENT,promotion_holdout,home_assistant
hybrid,retrieval-125,1.0,3210,1.0,1.0,1.0,1.0,0,NO_DETECTED_LEAKAGE,0.25,0.25,0.4306765580733931,False,0.1,SNAPSHOT_CONSISTENT,promotion_holdout,home_assistant
deterministic,retrieval-126,0.0,1619,0.0,0.0,0.0,0.0,0,NO_DETECTED_LEAKAGE,0.0,0.0,0.0,True,0.0,SNAPSHOT_CONSISTENT,promotion_holdout,node_red
embedding,retrieval-126,0.0,1494,0.0,1.0,0.0,0.0,0,NO_DETECTED_LEAKAGE,0.0,0.0,0.0,True,0.0,SNAPSHOT_CONSISTENT,promotion_holdout,node_red
hybrid,retrieval-126,0.0,3632,0.0,1.0,0.0,0.0,0,NO_DETECTED_LEAKAGE,0.0,0.0,0.0,True,0.0,SNAPSHOT_CONSISTENT,promotion_holdout,node_red
deterministic,retrieval-127,0.25,4178,0.25,0.25,0.25,0.3333333333333333,0,NO_DETECTED_LEAKAGE,0.21428571428571427,1.0,0.39551272168301577,True,0.2,SNAPSHOT_CONSISTENT,promotion_holdout,home_assistant
embedding,retrieval-127,0.25,2509,0.25,0.5,0.0,0.16666666666666666,0,NO_DETECTED_LEAKAGE,0.027777777777777776,0.16666666666666666,0.1267960266505306,True,0.1,SNAPSHOT_CONSISTENT,promotion_holdout,home_assistant
hybrid,retrieval-127,0.25,2244,0.25,0.25,0.25,0.3333333333333333,0,NO_DETECTED_LEAKAGE,0.09722222222222221,0.3333333333333333,0.21541183636123334,True,0.2,SNAPSHOT_CONSISTENT,promotion_holdout,home_assistant
deterministic,retrieval-128,0.0,1529,1.0,1.0,0.0,1.0,0,NO_DETECTED_LEAKAGE,0.1,0.1,0.2890648263178878,False,0.1,SNAPSHOT_CONSISTENT,promotion_holdout,node_red
embedding,retrieval-128,0.0,1229,0.0,0.0,0.0,0.0,0,NO_DETECTED_LEAKAGE,0.0,0.0,0.0,True,0.0,SNAPSHOT_CONSISTENT,promotion_holdout,node_red
hybrid,retrieval-128,0.0,1284,0.0,1.0,0.0,0.0,0,NO_DETECTED_LEAKAGE,0.0,0.0,0.0,True,0.0,SNAPSHOT_CONSISTENT,promotion_holdout,node_red
deterministic,retrieval-129,0.5,8654,0.5,0.75,0.5,0.6,0,NO_DETECTED_LEAKAGE,0.55,1.0,0.6595245679994903,True,0.3,SNAPSHOT_CONSISTENT,promotion_holdout,home_assistant
embedding,retrieval-129,0.5,3983,0.5,0.5,0.0,0.6,0,NO_DETECTED_LEAKAGE,0.3238095238095238,0.14285714285714285,0.35966402992148916,True,0.3,SNAPSHOT_CONSISTENT,promotion_holdout,home_assistant
hybrid,retrieval-129,0.5,5173,0.5,0.75,0.5,0.6,0,NO_DETECTED_LEAKAGE,0.4833333333333333,1.0,0.5936849053443322,True,0.3,SNAPSHOT_CONSISTENT,promotion_holdout,home_assistant
deterministic,retrieval-130,0.0,3218,0.0,0.0,0.0,0.0,0,NO_DETECTED_LEAKAGE,0.0,0.0,0.0,True,0.0,SNAPSHOT_CONSISTENT,promotion_holdout,node_red
embedding,retrieval-130,0.0,3185,0.0,0.0,0.0,0.0,0,NO_DETECTED_LEAKAGE,0.0,0.0,0.0,True,0.0,SNAPSHOT_CONSISTENT,promotion_holdout,node_red
hybrid,retrieval-130,0.0,3711,0.0,0.0,0.0,0.0,0,NO_DETECTED_LEAKAGE,0.0,0.0,0.0,True,0.0,SNAPSHOT_CONSISTENT,promotion_holdout,node_red
deterministic,retrieval-131,0.0,3524,0.0,0.0,0.0,0.0,0,NO_DETECTED_LEAKAGE,0.0,0.0,0.0,True,0.0,SNAPSHOT_CONSISTENT,promotion_holdout,home_assistant
embedding,retrieval-131,1.0,8881,1.0,1.0,1.0,1.0,0,NO_DETECTED_LEAKAGE,1.0,1.0,1.0,False,0.1,SNAPSHOT_CONSISTENT,promotion_holdout,home_assistant
hybrid,retrieval-131,1.0,4703,1.0,1.0,1.0,1.0,0,NO_DETECTED_LEAKAGE,0.3333333333333333,0.3333333333333333,0.5,False,0.1,SNAPSHOT_CONSISTENT,promotion_holdout,home_assistant
deterministic,retrieval-132,0.0,2205,0.0,0.0,0.0,0.5,0,NO_DETECTED_LEAKAGE,0.1,0.0,0.10654373218155079,True,0.1,SNAPSHOT_CONSISTENT,promotion_holdout,node_red
embedding,retrieval-132,0.0,802,1.0,1.0,0.0,1.0,0,NO_DETECTED_LEAKAGE,0.1625,0.1,0.3257180490964068,False,0.2,SNAPSHOT_CONSISTENT,promotion_holdout,node_red
hybrid,retrieval-132,0.0,1836,0.0,0.0,0.0,0.5,0,NO_DETECTED_LEAKAGE,0.1,0.0,0.10654373218155079,True,0.1,SNAPSHOT_CONSISTENT,promotion_holdout,node_red
deterministic,retrieval-133,0.0,6678,0.0,0.0,0.0,0.0,0,NO_DETECTED_LEAKAGE,0.0,0.0,0.0,True,0.0,SNAPSHOT_CONSISTENT,promotion_holdout,home_assistant
embedding,retrieval-133,0.5,3935,1.0,1.0,0.5,1.0,0,NO_DETECTED_LEAKAGE,0.26666666666666666,0.3333333333333333,0.4838128831667769,False,0.2,SNAPSHOT_CONSISTENT,promotion_holdout,home_assistant
hybrid,retrieval-133,0.5,3791,0.5,1.0,0.0,0.5,0,NO_DETECTED_LEAKAGE,0.0625,0.125,0.1934264036172708,True,0.1,SNAPSHOT_CONSISTENT,promotion_holdout,home_assistant
deterministic,retrieval-134,0.0,1510,0.0,0.0,0.0,0.0,0,NO_DETECTED_LEAKAGE,0.0,0.0,0.0,True,0.0,SNAPSHOT_CONSISTENT,promotion_holdout,node_red
embedding,retrieval-134,0.0,1210,0.0,0.0,0.0,0.0,0,NO_DETECTED_LEAKAGE,0.0,0.0,0.0,True,0.0,SNAPSHOT_CONSISTENT,promotion_holdout,node_red
hybrid,retrieval-134,0.0,1265,0.0,0.0,0.0,0.0,0,NO_DETECTED_LEAKAGE,0.0,0.0,0.0,True,0.0,SNAPSHOT_CONSISTENT,promotion_holdout,node_red
deterministic,retrieval-135,0.25,2719,0.5,0.5,0.5,0.5,0,NO_DETECTED_LEAKAGE,0.3433333333333333,0.3333333333333333,0.44542588284204393,True,0.5,SNAPSHOT_CONSISTENT,promotion_holdout,home_assistant
embedding,retrieval-135,0.0,2873,0.25,0.75,0.0,0.3,0,NO_DETECTED_LEAKAGE,0.1,0.16666666666666666,0.1934101233025796,True,0.3,SNAPSHOT_CONSISTENT,promotion_holdout,home_assistant
hybrid,retrieval-135,0.25,3229,0.5,0.75,0.25,0.5,0,NO_DETECTED_LEAKAGE,0.24047619047619045,0.25,0.3555790600398195,True,0.5,SNAPSHOT_CONSISTENT,promotion_holdout,home_assistant
deterministic,retrieval-136,0.0,3738,0.0,1.0,0.0,0.3333333333333333,0,NO_DETECTED_LEAKAGE,0.08333333333333333,0.0,0.10425656783464912,True,0.1,SNAPSHOT_CONSISTENT,promotion_holdout,home_assistant
embedding,retrieval-136,1.0,1757,1.0,1.0,1.0,0.6666666666666666,0,NO_DETECTED_LEAKAGE,0.3333333333333333,0.5,0.562455901550729,False,0.2,SNAPSHOT_CONSISTENT,promotion_holdout,home_assistant
hybrid,retrieval-136,1.0,2073,1.0,1.0,1.0,1.0,0,NO_DETECTED_LEAKAGE,0.43333333333333335,0.25,0.535478545041122,False,0.3,SNAPSHOT_CONSISTENT,promotion_holdout,home_assistant
deterministic,retrieval-137,0.25,2981,0.5,0.75,0.25,0.42857142857142855,0,NO_DETECTED_LEAKAGE,0.33333333333333337,0.5,0.43325959170121886,True,0.3,SNAPSHOT_CONSISTENT,promotion_holdout,home_assistant
embedding,retrieval-137,0.0,3179,0.0,0.0,0.0,0.0,0,NO_DETECTED_LEAKAGE,0.0,0.0,0.0,True,0.0,SNAPSHOT_CONSISTENT,promotion_holdout,home_assistant
hybrid,retrieval-137,0.0,4354,0.25,0.5,0.0,0.42857142857142855,0,NO_DETECTED_LEAKAGE,0.146031746031746,0.1111111111111111,0.2080858803822761,True,0.3,SNAPSHOT_CONSISTENT,promotion_holdout,home_assistant
deterministic,retrieval-138,0.0,4406,0.0,0.0,0.0,0.0,0,NO_DETECTED_LEAKAGE,0.0,0.0,0.0,True,0.0,SNAPSHOT_CONSISTENT,promotion_holdout,home_assistant
embedding,retrieval-138,0.0,2491,0.0,0.0,0.0,0.0,0,NO_DETECTED_LEAKAGE,0.0,0.0,0.0,True,0.0,SNAPSHOT_CONSISTENT,promotion_holdout,home_assistant
hybrid,retrieval-138,0.0,3341,0.0,0.0,0.0,0.0,0,NO_DETECTED_LEAKAGE,0.0,0.0,0.0,True,0.0,SNAPSHOT_CONSISTENT,promotion_holdout,home_assistant
deterministic,retrieval-139,0.0,4752,0.0,0.0,0.0,0.3333333333333333,0,NO_DETECTED_LEAKAGE,0.03333333333333333,0.0,0.053602099459676644,True,0.1,SNAPSHOT_CONSISTENT,promotion_holdout,home_assistant
embedding,retrieval-139,0.5,3075,0.5,1.0,0.5,0.3333333333333333,0,NO_DETECTED_LEAKAGE,0.16666666666666666,0.5,0.35098520806348704,True,0.1,SNAPSHOT_CONSISTENT,promotion_holdout,home_assistant
hybrid,retrieval-139,0.0,4275,0.0,0.5,0.0,0.0,0,NO_DETECTED_LEAKAGE,0.0,0.0,0.0,True,0.0,SNAPSHOT_CONSISTENT,promotion_holdout,home_assistant
deterministic,retrieval-140,0.25,1406,0.25,0.25,0.0,0.2,0,NO_DETECTED_LEAKAGE,0.03333333333333333,0.16666666666666666,0.13239160306052,True,0.1,SNAPSHOT_CONSISTENT,promotion_holdout,home_assistant
embedding,retrieval-140,0.75,3719,0.75,0.75,0.5,0.6,0,NO_DETECTED_LEAKAGE,0.48571428571428565,1.0,0.7300580906838027,True,0.3,SNAPSHOT_CONSISTENT,promotion_holdout,home_assistant
hybrid,retrieval-140,0.25,3188,0.5,0.75,0.25,0.4,0,NO_DETECTED_LEAKAGE,0.09444444444444444,0.25,0.27195353469890116,True,0.2,SNAPSHOT_CONSISTENT,promotion_holdout,home_assistant
deterministic,retrieval-141,0.0,2270,0.0,0.0,0.0,0.0,0,NO_DETECTED_LEAKAGE,0.0,0.0,0.0,True,0.0,SNAPSHOT_CONSISTENT,promotion_holdout,home_assistant
embedding,retrieval-141,0.0,1148,0.0,0.0,0.0,0.0,0,NO_DETECTED_LEAKAGE,0.0,0.0,0.0,True,0.0,SNAPSHOT_CONSISTENT,promotion_holdout,home_assistant
hybrid,retrieval-141,0.0,1421,0.0,0.0,0.0,0.0,0,NO_DETECTED_LEAKAGE,0.0,0.0,0.0,True,0.0,SNAPSHOT_CONSISTENT,promotion_holdout,home_assistant
deterministic,retrieval-142,0.3333333333333333,1049,0.3333333333333333,0.3333333333333333,0.3333333333333333,0.3333333333333333,0,NO_DETECTED_LEAKAGE,0.3333333333333333,1.0,0.4692787260227565,True,0.1,SNAPSHOT_CONSISTENT,promotion_holdout,home_assistant
embedding,retrieval-142,0.0,1509,0.0,0.0,0.0,0.0,0,NO_DETECTED_LEAKAGE,0.0,0.0,0.0,True,0.0,SNAPSHOT_CONSISTENT,promotion_holdout,home_assistant
hybrid,retrieval-142,0.3333333333333333,3759,0.3333333333333333,0.3333333333333333,0.3333333333333333,0.3333333333333333,0,NO_DETECTED_LEAKAGE,0.3333333333333333,1.0,0.4692787260227565,True,0.1,SNAPSHOT_CONSISTENT,promotion_holdout,home_assistant
deterministic,retrieval-143,0.0,2193,0.0,0.0,0.0,0.0,0,NO_DETECTED_LEAKAGE,0.0,0.0,0.0,True,0.0,SNAPSHOT_CONSISTENT,promotion_holdout,home_assistant
embedding,retrieval-143,0.0,5851,0.0,1.0,0.0,0.0,0,NO_DETECTED_LEAKAGE,0.0,0.0,0.0,True,0.0,SNAPSHOT_CONSISTENT,promotion_holdout,home_assistant
hybrid,retrieval-143,0.0,4535,0.0,1.0,0.0,0.0,0,NO_DETECTED_LEAKAGE,0.0,0.0,0.0,True,0.0,SNAPSHOT_CONSISTENT,promotion_holdout,home_assistant
deterministic,retrieval-144,1.0,6525,1.0,1.0,1.0,1.0,0,NO_DETECTED_LEAKAGE,0.39285714285714285,0.5,0.6130998794063822,False,0.2,SNAPSHOT_CONSISTENT,promotion_holdout,home_assistant
embedding,retrieval-144,1.0,2763,1.0,1.0,1.0,0.5,0,NO_DETECTED_LEAKAGE,0.5,1.0,0.8262346571285599,False,0.1,SNAPSHOT_CONSISTENT,promotion_holdout,home_assistant
hybrid,retrieval-144,1.0,5245,1.0,1.0,1.0,1.0,0,NO_DETECTED_LEAKAGE,0.6428571428571428,1.0,0.9180385079206221,False,0.2,SNAPSHOT_CONSISTENT,promotion_holdout,home_assistant
deterministic,retrieval-145,0.0,6379,0.0,1.0,0.0,0.5,0,NO_DETECTED_LEAKAGE,0.25,0.0,0.17376534287144002,True,0.1,SNAPSHOT_CONSISTENT,promotion_holdout,home_assistant
embedding,retrieval-145,1.0,1072,1.0,1.0,1.0,0.5,0,NO_DETECTED_LEAKAGE,0.125,0.25,0.35583989829307827,False,0.1,SNAPSHOT_CONSISTENT,promotion_holdout,home_assistant
hybrid,retrieval-145,1.0,2968,1.0,1.0,1.0,0.5,0,NO_DETECTED_LEAKAGE,0.5,1.0,0.8262346571285599,False,0.1,SNAPSHOT_CONSISTENT,promotion_holdout,home_assistant
deterministic,retrieval-146,1.0,3719,1.0,1.0,1.0,1.0,0,NO_DETECTED_LEAKAGE,0.3333333333333333,0.3333333333333333,0.5,False,0.1,SNAPSHOT_CONSISTENT,promotion_holdout,home_assistant
embedding,retrieval-146,0.0,1102,0.0,0.0,0.0,0.0,0,NO_DETECTED_LEAKAGE,0.0,0.0,0.0,True,0.0,SNAPSHOT_CONSISTENT,promotion_holdout,home_assistant
hybrid,retrieval-146,1.0,1518,1.0,1.0,0.0,1.0,0,NO_DETECTED_LEAKAGE,0.16666666666666666,0.16666666666666666,0.3562071871080222,False,0.1,SNAPSHOT_CONSISTENT,promotion_holdout,home_assistant
deterministic,retrieval-147,0.0,5898,0.0,0.0,0.0,0.0,0,NO_DETECTED_LEAKAGE,0.0,0.0,0.0,True,0.0,SNAPSHOT_CONSISTENT,promotion_holdout,home_assistant
embedding,retrieval-147,0.0,1936,0.0,0.0,0.0,0.0,0,NO_DETECTED_LEAKAGE,0.0,0.0,0.0,True,0.0,SNAPSHOT_CONSISTENT,promotion_holdout,home_assistant
hybrid,retrieval-147,0.0,2830,0.0,0.0,0.0,0.0,0,NO_DETECTED_LEAKAGE,0.0,0.0,0.0,True,0.0,SNAPSHOT_CONSISTENT,promotion_holdout,home_assistant
deterministic,retrieval-148,0.0,2193,0.25,0.25,0.0,0.1,0,NO_DETECTED_LEAKAGE,0.01,0.1,0.08970879652674049,True,0.1,SNAPSHOT_CONSISTENT,promotion_holdout,home_assistant
embedding,retrieval-148,0.25,3625,0.25,0.25,0.25,0.2,0,NO_DETECTED_LEAKAGE,0.05833333333333333,0.25,0.17050540427698643,True,0.2,SNAPSHOT_CONSISTENT,promotion_holdout,home_assistant
hybrid,retrieval-148,0.0,4220,0.25,0.5,0.0,0.2,0,NO_DETECTED_LEAKAGE,0.034722222222222224,0.125,0.12904252122684193,True,0.2,SNAPSHOT_CONSISTENT,promotion_holdout,home_assistant
deterministic,retrieval-149,0.0,3995,0.0,0.0,0.0,0.0,0,NO_DETECTED_LEAKAGE,0.0,0.0,0.0,True,0.0,SNAPSHOT_CONSISTENT,promotion_holdout,home_assistant
embedding,retrieval-149,0.0,2087,0.0,0.0,0.0,0.2,0,NO_DETECTED_LEAKAGE,0.02857142857142857,0.0,0.04623004205810281,True,0.1,SNAPSHOT_CONSISTENT,promotion_holdout,home_assistant
hybrid,retrieval-149,0.0,2550,0.0,0.3333333333333333,0.0,0.2,0,NO_DETECTED_LEAKAGE,0.04,0.0,0.053652664646244,True,0.1,SNAPSHOT_CONSISTENT,promotion_holdout,home_assistant
deterministic,retrieval-150,0.0,2641,0.0,0.0,0.0,0.0,0,NO_DETECTED_LEAKAGE,0.0,0.0,0.0,True,0.0,SNAPSHOT_CONSISTENT,promotion_holdout,home_assistant
embedding,retrieval-150,0.0,3053,0.0,0.0,0.0,0.0,0,NO_DETECTED_LEAKAGE,0.0,0.0,0.0,True,0.0,SNAPSHOT_CONSISTENT,promotion_holdout,home_assistant
hybrid,retrieval-150,0.0,2839,0.0,0.0,0.0,0.0,0,NO_DETECTED_LEAKAGE,0.0,0.0,0.0,True,0.0,SNAPSHOT_CONSISTENT,promotion_holdout,home_assistant
deterministic,retrieval-151,0.0,4318,0.0,0.0,0.0,0.0,0,NO_DETECTED_LEAKAGE,0.0,0.0,0.0,True,0.0,SNAPSHOT_CONSISTENT,promotion_holdout,home_assistant
embedding,retrieval-151,0.6666666666666666,3678,0.6666666666666666,1.0,0.6666666666666666,0.6666666666666666,0,NO_DETECTED_LEAKAGE,0.6666666666666666,1.0,0.7653606369886218,True,0.2,SNAPSHOT_CONSISTENT,promotion_holdout,home_assistant
hybrid,retrieval-151,0.6666666666666666,4218,0.6666666666666666,0.6666666666666666,0.6666666666666666,0.6666666666666666,0,NO_DETECTED_LEAKAGE,0.38888888888888884,0.5,0.5307212739772436,True,0.2,SNAPSHOT_CONSISTENT,promotion_holdout,home_assistant
deterministic,retrieval-152,0.0,2817,0.0,0.0,0.0,0.0,0,NO_DETECTED_LEAKAGE,0.0,0.0,0.0,True,0.0,SNAPSHOT_CONSISTENT,promotion_holdout,home_assistant
embedding,retrieval-152,0.0,1427,0.0,0.0,0.0,0.0,0,NO_DETECTED_LEAKAGE,0.0,0.0,0.0,True,0.0,SNAPSHOT_CONSISTENT,promotion_holdout,home_assistant
hybrid,retrieval-152,0.0,1426,0.0,0.0,0.0,0.0,0,NO_DETECTED_LEAKAGE,0.0,0.0,0.0,True,0.0,SNAPSHOT_CONSISTENT,promotion_holdout,home_assistant
deterministic,retrieval-153,0.25,1080,0.25,0.25,0.25,0.2222222222222222,0,NO_DETECTED_LEAKAGE,0.18518518518518517,0.3333333333333333,0.2665896859428807,True,0.2,SNAPSHOT_CONSISTENT,promotion_holdout,home_assistant
embedding,retrieval-153,0.25,2620,0.25,0.5,0.25,0.2222222222222222,0,NO_DETECTED_LEAKAGE,0.1111111111111111,0.25,0.20505645997434963,True,0.2,SNAPSHOT_CONSISTENT,promotion_holdout,home_assistant
hybrid,retrieval-153,0.25,2879,0.5,0.5,0.25,0.3333333333333333,0,NO_DETECTED_LEAKAGE,0.22685185185185183,0.3333333333333333,0.36750930485686106,True,0.3,SNAPSHOT_CONSISTENT,promotion_holdout,home_assistant
deterministic,retrieval-154,0.0,1835,0.0,0.0,0.0,0.0,0,NO_DETECTED_LEAKAGE,0.0,0.0,0.0,True,0.0,SNAPSHOT_CONSISTENT,promotion_holdout,home_assistant
embedding,retrieval-154,0.0,3282,0.0,0.25,0.0,0.16666666666666666,0,NO_DETECTED_LEAKAGE,0.03333333333333333,0.0,0.04590156200401458,True,0.1,SNAPSHOT_CONSISTENT,promotion_holdout,home_assistant
hybrid,retrieval-154,0.0,3042,0.0,0.0,0.0,0.0,0,NO_DETECTED_LEAKAGE,0.0,0.0,0.0,True,0.0,SNAPSHOT_CONSISTENT,promotion_holdout,home_assistant
deterministic,retrieval-155,0.3333333333333333,1660,0.6666666666666666,0.6666666666666666,0.3333333333333333,0.75,0,NO_DETECTED_LEAKAGE,0.5,1.0,0.6452864429786478,True,0.3,SNAPSHOT_CONSISTENT,promotion_holdout,home_assistant
embedding,retrieval-155,0.6666666666666666,4584,0.6666666666666666,0.6666666666666666,0.6666666666666666,0.75,0,NO_DETECTED_LEAKAGE,0.75,1.0,0.7903299296767691,True,0.3,SNAPSHOT_CONSISTENT,promotion_holdout,home_assistant
hybrid,retrieval-155,0.6666666666666666,4276,0.6666666666666666,0.6666666666666666,0.6666666666666666,0.75,0,NO_DETECTED_LEAKAGE,0.625,1.0,0.7692566486329837,True,0.3,SNAPSHOT_CONSISTENT,promotion_holdout,home_assistant
deterministic,retrieval-156,0.0,1399,0.0,0.0,0.0,0.25,0,NO_DETECTED_LEAKAGE,0.03571428571428571,0.0,0.04885102998765402,True,0.1,SNAPSHOT_CONSISTENT,promotion_holdout,home_assistant
embedding,retrieval-156,0.3333333333333333,3403,0.6666666666666666,0.6666666666666666,0.3333333333333333,0.5,0,NO_DETECTED_LEAKAGE,0.3055555555555556,1.0,0.5720098979971668,True,0.2,SNAPSHOT_CONSISTENT,promotion_holdout,home_assistant
hybrid,retrieval-156,0.0,4231,0.3333333333333333,0.3333333333333333,0.0,0.25,0,NO_DETECTED_LEAKAGE,0.041666666666666664,0.16666666666666666,0.15660979181308693,True,0.1,SNAPSHOT_CONSISTENT,promotion_holdout,home_assistant
deterministic,retrieval-157,0.0,3088,0.0,0.0,0.0,0.2222222222222222,0,NO_DETECTED_LEAKAGE,0.1,0.0,0.10853213329736489,True,0.2,SNAPSHOT_CONSISTENT,promotion_holdout,home_assistant
embedding,retrieval-157,0.0,1454,0.0,0.25,0.0,0.2222222222222222,0,NO_DETECTED_LEAKAGE,0.046296296296296294,0.0,0.07162433782801664,True,0.2,SNAPSHOT_CONSISTENT,promotion_holdout,home_assistant
hybrid,retrieval-157,0.0,1733,0.0,0.0,0.0,0.2222222222222222,0,NO_DETECTED_LEAKAGE,0.07222222222222223,0.0,0.08717795869860996,True,0.2,SNAPSHOT_CONSISTENT,promotion_holdout,home_assistant
deterministic,retrieval-158,0.3333333333333333,2427,0.3333333333333333,0.3333333333333333,0.3333333333333333,0.3333333333333333,0,NO_DETECTED_LEAKAGE,0.16666666666666666,0.5,0.2960819109658653,True,0.1,SNAPSHOT_CONSISTENT,promotion_holdout,home_assistant
embedding,retrieval-158,0.3333333333333333,1807,0.3333333333333333,0.3333333333333333,0.3333333333333333,0.3333333333333333,0,NO_DETECTED_LEAKAGE,0.3333333333333333,1.0,0.4692787260227565,True,0.1,SNAPSHOT_CONSISTENT,promotion_holdout,home_assistant
hybrid,retrieval-158,0.3333333333333333,3192,0.6666666666666666,0.6666666666666666,0.3333333333333333,0.6666666666666666,0,NO_DETECTED_LEAKAGE,0.1574074074074074,0.25,0.3433743193603766,True,0.2,SNAPSHOT_CONSISTENT,promotion_holdout,home_assistant
deterministic,retrieval-159,0.0,1863,0.0,0.0,0.0,0.0,0,NO_DETECTED_LEAKAGE,0.0,0.0,0.0,True,0.0,SNAPSHOT_CONSISTENT,promotion_holdout,home_assistant
embedding,retrieval-159,0.0,1508,0.0,0.25,0.0,0.0,0,NO_DETECTED_LEAKAGE,0.0,0.0,0.0,True,0.0,SNAPSHOT_CONSISTENT,promotion_holdout,home_assistant
hybrid,retrieval-159,0.0,1657,0.0,0.25,0.0,0.0,0,NO_DETECTED_LEAKAGE,0.0,0.0,0.0,True,0.0,SNAPSHOT_CONSISTENT,promotion_holdout,home_assistant
deterministic,retrieval-160,0.0,3913,0.0,0.0,0.0,0.0,0,NO_DETECTED_LEAKAGE,0.0,0.0,0.0,True,0.0,SNAPSHOT_CONSISTENT,promotion_holdout,home_assistant
embedding,retrieval-160,0.0,2335,0.0,0.0,0.0,0.0,0,NO_DETECTED_LEAKAGE,0.0,0.0,0.0,True,0.0,SNAPSHOT_CONSISTENT,promotion_holdout,home_assistant
hybrid,retrieval-160,0.0,2168,0.0,0.0,0.0,0.0,0,NO_DETECTED_LEAKAGE,0.0,0.0,0.0,True,0.0,SNAPSHOT_CONSISTENT,promotion_holdout,home_assistant
deterministic,retrieval-161,0.0,1488,0.0,0.25,0.0,0.0,0,NO_DETECTED_LEAKAGE,0.0,0.0,0.0,True,0.0,SNAPSHOT_CONSISTENT,promotion_holdout,home_assistant
embedding,retrieval-161,0.0,1444,0.0,0.0,0.0,0.0,0,NO_DETECTED_LEAKAGE,0.0,0.0,0.0,True,0.0,SNAPSHOT_CONSISTENT,promotion_holdout,home_assistant
hybrid,retrieval-161,0.0,1319,0.0,0.25,0.0,0.0,0,NO_DETECTED_LEAKAGE,0.0,0.0,0.0,True,0.0,SNAPSHOT_CONSISTENT,promotion_holdout,home_assistant
deterministic,retrieval-162,0.0,1733,0.0,0.0,0.0,0.0,0,NO_DETECTED_LEAKAGE,0.0,0.0,0.0,True,0.0,SNAPSHOT_CONSISTENT,promotion_holdout,home_assistant
embedding,retrieval-162,0.0,2351,0.0,1.0,0.0,0.0,0,NO_DETECTED_LEAKAGE,0.0,0.0,0.0,True,0.0,SNAPSHOT_CONSISTENT,promotion_holdout,home_assistant
hybrid,retrieval-162,0.0,3881,0.0,0.0,0.0,0.0,0,NO_DETECTED_LEAKAGE,0.0,0.0,0.0,True,0.0,SNAPSHOT_CONSISTENT,promotion_holdout,home_assistant
deterministic,retrieval-163,0.0,2504,0.0,0.5,0.0,0.16666666666666666,0,NO_DETECTED_LEAKAGE,0.041666666666666664,0.0,0.05110141729460432,True,0.1,SNAPSHOT_CONSISTENT,promotion_holdout,home_assistant
embedding,retrieval-163,0.0,3048,0.0,0.0,0.0,0.16666666666666666,0,NO_DETECTED_LEAKAGE,0.16666666666666666,0.0,0.11865381650490472,True,0.1,SNAPSHOT_CONSISTENT,promotion_holdout,home_assistant
hybrid,retrieval-163,0.0,2168,0.0,0.0,0.0,0.3333333333333333,0,NO_DETECTED_LEAKAGE,0.13888888888888887,0.0,0.1104283255470567,True,0.2,SNAPSHOT_CONSISTENT,promotion_holdout,home_assistant
deterministic,retrieval-164,0.0,1057,0.0,0.0,0.0,0.0,0,NO_DETECTED_LEAKAGE,0.0,0.0,0.0,True,0.0,SNAPSHOT_CONSISTENT,promotion_holdout,home_assistant
embedding,retrieval-164,0.0,2225,0.0,0.0,0.0,0.0,0,NO_DETECTED_LEAKAGE,0.0,0.0,0.0,True,0.0,SNAPSHOT_CONSISTENT,promotion_holdout,home_assistant
hybrid,retrieval-164,0.0,1965,0.0,0.0,0.0,0.0,0,NO_DETECTED_LEAKAGE,0.0,0.0,0.0,True,0.0,SNAPSHOT_CONSISTENT,promotion_holdout,home_assistant
deterministic,retrieval-165,0.0,1057,0.0,0.5,0.0,0.2,0,NO_DETECTED_LEAKAGE,0.2,0.0,0.12389007283034911,True,0.1,SNAPSHOT_CONSISTENT,promotion_holdout,home_assistant
embedding,retrieval-165,0.25,1624,0.25,0.5,0.25,0.4,0,NO_DETECTED_LEAKAGE,0.18,0.2,0.22194760050953918,True,0.2,SNAPSHOT_CONSISTENT,promotion_holdout,home_assistant
hybrid,retrieval-165,0.0,1969,0.0,0.75,0.0,0.2,0,NO_DETECTED_LEAKAGE,0.1,0.0,0.07816593312080208,True,0.1,SNAPSHOT_CONSISTENT,promotion_holdout,home_assistant
deterministic,retrieval-166,0.0,4398,0.0,0.0,0.0,0.0,0,NO_DETECTED_LEAKAGE,0.0,0.0,0.0,True,0.0,SNAPSHOT_CONSISTENT,promotion_holdout,home_assistant
embedding,retrieval-166,0.0,1433,0.0,0.0,0.0,0.0,0,NO_DETECTED_LEAKAGE,0.0,0.0,0.0,True,0.0,SNAPSHOT_CONSISTENT,promotion_holdout,home_assistant
hybrid,retrieval-166,0.0,2567,0.0,0.0,0.0,0.0,0,NO_DETECTED_LEAKAGE,0.0,0.0,0.0,True,0.0,SNAPSHOT_CONSISTENT,promotion_holdout,home_assistant
deterministic,retrieval-167,0.0,2185,0.0,0.0,0.0,0.0,0,NO_DETECTED_LEAKAGE,0.0,0.0,0.0,True,0.0,SNAPSHOT_CONSISTENT,promotion_holdout,home_assistant
embedding,retrieval-167,0.0,1392,0.0,0.0,0.0,0.0,0,NO_DETECTED_LEAKAGE,0.0,0.0,0.0,True,0.0,SNAPSHOT_CONSISTENT,promotion_holdout,home_assistant
hybrid,retrieval-167,0.0,2740,0.0,0.0,0.0,0.0,0,NO_DETECTED_LEAKAGE,0.0,0.0,0.0,True,0.0,SNAPSHOT_CONSISTENT,promotion_holdout,home_assistant
deterministic,retrieval-168,0.3333333333333333,1038,0.3333333333333333,0.3333333333333333,0.3333333333333333,0.3333333333333333,0,NO_DETECTED_LEAKAGE,0.16666666666666666,0.5,0.2960819109658653,True,0.1,SNAPSHOT_CONSISTENT,promotion_holdout,home_assistant
embedding,retrieval-168,0.0,1271,0.3333333333333333,0.3333333333333333,0.0,0.3333333333333333,0,NO_DETECTED_LEAKAGE,0.037037037037037035,0.1111111111111111,0.141266972859829,True,0.1,SNAPSHOT_CONSISTENT,promotion_holdout,home_assistant
hybrid,retrieval-168,0.3333333333333333,2472,0.3333333333333333,0.3333333333333333,0.3333333333333333,0.3333333333333333,0,NO_DETECTED_LEAKAGE,0.3333333333333333,1.0,0.4692787260227565,True,0.1,SNAPSHOT_CONSISTENT,promotion_holdout,home_assistant
deterministic,retrieval-169,0.0,1399,0.0,0.0,0.0,0.0,0,NO_DETECTED_LEAKAGE,0.0,0.0,0.0,True,0.0,SNAPSHOT_CONSISTENT,promotion_holdout,home_assistant
embedding,retrieval-169,0.0,2015,0.0,1.0,0.0,0.0,0,NO_DETECTED_LEAKAGE,0.0,0.0,0.0,True,0.0,SNAPSHOT_CONSISTENT,promotion_holdout,home_assistant
hybrid,retrieval-169,0.0,2111,0.0,1.0,0.0,0.0,0,NO_DETECTED_LEAKAGE,0.0,0.0,0.0,True,0.0,SNAPSHOT_CONSISTENT,promotion_holdout,home_assistant
deterministic,retrieval-170,0.0,1650,0.0,0.0,0.0,0.0,0,NO_DETECTED_LEAKAGE,0.0,0.0,0.0,True,0.0,SNAPSHOT_CONSISTENT,promotion_holdout,home_assistant
embedding,retrieval-170,0.0,2864,0.0,0.0,0.0,0.0,0,NO_DETECTED_LEAKAGE,0.0,0.0,0.0,True,0.0,SNAPSHOT_CONSISTENT,promotion_holdout,home_assistant
hybrid,retrieval-170,0.0,3189,0.0,0.0,0.0,0.0,0,NO_DETECTED_LEAKAGE,0.0,0.0,0.0,True,0.0,SNAPSHOT_CONSISTENT,promotion_holdout,home_assistant
deterministic,retrieval-171,0.0,1339,0.0,0.0,0.0,0.0,0,NO_DETECTED_LEAKAGE,0.0,0.0,0.0,True,0.0,SNAPSHOT_CONSISTENT,promotion_holdout,home_assistant
embedding,retrieval-171,0.0,2657,0.0,0.0,0.0,0.0,0,NO_DETECTED_LEAKAGE,0.0,0.0,0.0,True,0.0,SNAPSHOT_CONSISTENT,promotion_holdout,home_assistant
hybrid,retrieval-171,0.0,1815,0.0,0.0,0.0,0.0,0,NO_DETECTED_LEAKAGE,0.0,0.0,0.0,True,0.0,SNAPSHOT_CONSISTENT,promotion_holdout,home_assistant
deterministic,retrieval-172,0.0,7052,1.0,1.0,0.0,1.0,0,NO_DETECTED_LEAKAGE,0.26785714285714285,0.14285714285714285,0.39402485180721275,False,0.2,SNAPSHOT_CONSISTENT,promotion_holdout,home_assistant
embedding,retrieval-172,1.0,3391,1.0,1.0,1.0,0.5,0,NO_DETECTED_LEAKAGE,0.5,1.0,0.8262346571285599,False,0.1,SNAPSHOT_CONSISTENT,promotion_holdout,home_assistant
hybrid,retrieval-172,1.0,2915,1.0,1.0,1.0,1.0,0,NO_DETECTED_LEAKAGE,0.41666666666666663,0.5,0.6193996029832952,False,0.2,SNAPSHOT_CONSISTENT,promotion_holdout,home_assistant
deterministic,retrieval-173,0.0,2670,0.0,0.0,0.0,0.5,0,NO_DETECTED_LEAKAGE,0.5,0.0,0.27541155237618664,True,0.1,SNAPSHOT_CONSISTENT,promotion_holdout,home_assistant
embedding,retrieval-173,0.0,1934,0.0,0.0,0.0,0.5,0,NO_DETECTED_LEAKAGE,0.16666666666666666,0.0,0.13770577618809332,True,0.1,SNAPSHOT_CONSISTENT,promotion_holdout,home_assistant
hybrid,retrieval-173,0.0,2712,0.0,0.0,0.0,0.5,0,NO_DETECTED_LEAKAGE,0.5,0.0,0.27541155237618664,True,0.1,SNAPSHOT_CONSISTENT,promotion_holdout,home_assistant
deterministic,retrieval-174,0.0,4776,0.0,0.0,0.0,0.0,0,NO_DETECTED_LEAKAGE,0.0,0.0,0.0,True,0.0,SNAPSHOT_CONSISTENT,promotion_holdout,home_assistant
embedding,retrieval-174,0.0,4014,0.0,0.0,0.0,0.0,0,NO_DETECTED_LEAKAGE,0.0,0.0,0.0,True,0.0,SNAPSHOT_CONSISTENT,promotion_holdout,home_assistant
hybrid,retrieval-174,0.0,4742,0.0,0.0,0.0,0.0,0,NO_DETECTED_LEAKAGE,0.0,0.0,0.0,True,0.0,SNAPSHOT_CONSISTENT,promotion_holdout,home_assistant
deterministic,retrieval-175,0.0,1529,0.0,0.0,0.0,0.0,0,NO_DETECTED_LEAKAGE,0.0,0.0,0.0,True,0.0,SNAPSHOT_CONSISTENT,promotion_holdout,home_assistant
embedding,retrieval-175,0.0,1229,0.0,0.0,0.0,0.0,0,NO_DETECTED_LEAKAGE,0.0,0.0,0.0,True,0.0,SNAPSHOT_CONSISTENT,promotion_holdout,home_assistant
hybrid,retrieval-175,0.0,1284,0.0,0.0,0.0,0.0,0,NO_DETECTED_LEAKAGE,0.0,0.0,0.0,True,0.0,SNAPSHOT_CONSISTENT,promotion_holdout,home_assistant
deterministic,retrieval-176,0.0,1510,0.0,0.0,0.0,0.0,0,NO_DETECTED_LEAKAGE,0.0,0.0,0.0,True,0.0,SNAPSHOT_CONSISTENT,promotion_holdout,home_assistant
embedding,retrieval-176,0.0,1210,0.0,0.0,0.0,0.0,0,NO_DETECTED_LEAKAGE,0.0,0.0,0.0,True,0.0,SNAPSHOT_CONSISTENT,promotion_holdout,home_assistant
hybrid,retrieval-176,0.0,1265,0.0,0.0,0.0,0.0,0,NO_DETECTED_LEAKAGE,0.0,0.0,0.0,True,0.0,SNAPSHOT_CONSISTENT,promotion_holdout,home_assistant
deterministic,retrieval-177,0.0,6524,0.0,0.0,0.0,0.0,0,NO_DETECTED_LEAKAGE,0.0,0.0,0.0,True,0.0,SNAPSHOT_CONSISTENT,promotion_holdout,home_assistant
embedding,retrieval-177,1.0,2702,1.0,1.0,1.0,1.0,0,NO_DETECTED_LEAKAGE,0.75,0.25,0.631251450669265,False,0.2,SNAPSHOT_CONSISTENT,promotion_holdout,home_assistant
hybrid,retrieval-177,0.0,5944,1.0,1.0,0.0,1.0,0,NO_DETECTED_LEAKAGE,0.26666666666666666,0.1,0.37654115384878006,False,0.2,SNAPSHOT_CONSISTENT,promotion_holdout,home_assistant
deterministic,retrieval-178,0.0,1057,0.3333333333333333,0.6666666666666666,0.0,0.3333333333333333,0,NO_DETECTED_LEAKAGE,0.041666666666666664,0.125,0.14804095548293264,True,0.1,SNAPSHOT_CONSISTENT,promotion_holdout,home_assistant
embedding,retrieval-178,0.6666666666666666,2341,0.6666666666666666,1.0,0.6666666666666666,0.6666666666666666,0,NO_DETECTED_LEAKAGE,0.24444444444444446,0.3333333333333333,0.4161811555487309,True,0.2,SNAPSHOT_CONSISTENT,promotion_holdout,home_assistant
hybrid,retrieval-178,0.3333333333333333,2089,0.6666666666666666,1.0,0.3333333333333333,0.6666666666666666,0,NO_DETECTED_LEAKAGE,0.1574074074074074,0.25,0.3433743193603766,True,0.2,SNAPSHOT_CONSISTENT,promotion_holdout,home_assistant
deterministic,retrieval-179,0.0,4804,0.0,0.0,0.0,0.3333333333333333,0,NO_DETECTED_LEAKAGE,0.2111111111111111,0.0,0.1858727265885534,True,0.3,SNAPSHOT_CONSISTENT,promotion_holdout,home_assistant
embedding,retrieval-179,0.25,3365,0.25,0.25,0.25,0.2222222222222222,0,NO_DETECTED_LEAKAGE,0.18518518518518517,1.0,0.373225560320033,True,0.2,SNAPSHOT_CONSISTENT,promotion_holdout,home_assistant
hybrid,retrieval-179,0.25,4368,0.25,0.5,0.0,0.5555555555555556,0,NO_DETECTED_LEAKAGE,0.3768518518518518,0.16666666666666666,0.3414071006171585,True,0.5,SNAPSHOT_CONSISTENT,promotion_holdout,home_assistant
deterministic,retrieval-180,0.0,5654,0.0,0.0,0.0,0.25,0,NO_DETECTED_LEAKAGE,0.0625,0.0,0.07395536807032282,True,0.1,SNAPSHOT_CONSISTENT,promotion_holdout,home_assistant
embedding,retrieval-180,0.0,1356,0.0,0.0,0.0,0.0,0,NO_DETECTED_LEAKAGE,0.0,0.0,0.0,True,0.0,SNAPSHOT_CONSISTENT,promotion_holdout,home_assistant
hybrid,retrieval-180,0.0,3899,0.0,0.0,0.0,0.25,0,NO_DETECTED_LEAKAGE,0.08333333333333333,0.0,0.08585952344510916,True,0.1,SNAPSHOT_CONSISTENT,promotion_holdout,home_assistant
